-232,-120,1011,Gesture
-234,-132,1026,Gesture
-277,-107,1053,Gesture
-283,-129,1020,Gesture
-255,-143,1034,Gesture
-265,-131,1011,Gesture
-267,-138,1001,Gesture
-288,-147,1008,Gesture
-301,-140,996,Gesture
-297,-143,978,Gesture
-331,-138,975,Gesture
-346,-138,948,Gesture
-349,-137,926,Gesture
-387,-135,887,Gesture
-417,-128,855,Gesture
-411,-141,837,Gesture
-456,-114,816,Gesture
-501,-189,864,Gesture
-600,-228,762,Gesture
-438,-128,791,Gesture
-393,-90,593,Gesture
-25,-245,-289,Gesture
744,261,2014,Gesture
-423,-123,1580,Gesture
105,-264,1604,Gesture
-202,-183,1482,Gesture
-159,-56,1169,Gesture
-151,36,875,Gesture
-118,9,683,Gesture
-70,-38,617,Gesture
-19,-71,702,Gesture
-9,-116,785,Gesture
27,-138,936,Gesture
60,-126,1205,Gesture
71,-113,1256,Gesture
60,-158,1571,Gesture
8,-98,1389,Gesture
56,-120,1503,Gesture
8,-62,1505,Gesture
-21,-104,1487,Gesture
-13,-135,1470,Gesture
8,-132,1461,Gesture
44,-101,1415,Gesture
36,-53,1355,Gesture
-21,-14,1301,Gesture
-61,-36,1229,Gesture
-94,-42,1184,Gesture
-106,-47,1167,Gesture
-90,-66,1136,Gesture
-79,-95,1091,Gesture
-93,-102,1070,Gesture
-111,-101,1058,Gesture
-102,-62,1041,Gesture
-130,-24,998,Gesture
-157,-18,953,Gesture
-141,-20,932,Gesture
-108,-29,929,Gesture
-114,-23,927,Gesture
-153,12,924,Gesture
-187,6,909,Gesture
-228,-57,888,Gesture
-240,-66,849,Gesture
-241,-74,830,Gesture
-237,-89,837,Gesture
-247,-77,834,Gesture
-252,-81,837,Gesture
-252,-107,867,Gesture
-253,-129,882,Gesture
-273,-116,888,Gesture
-306,-86,872,Gesture
-336,-62,852,Gesture
-361,-77,840,Gesture
-382,-81,836,Gesture
-387,-101,834,Gesture
-378,-132,840,Gesture
-375,-140,839,Gesture
-370,-146,836,Gesture
-367,-155,842,Gesture
-360,-173,849,Gesture
-358,-186,852,Gesture
-351,-198,848,Gesture
-345,-216,857,Gesture
-330,-236,875,Gesture
-288,-257,903,Gesture
-262,-264,929,Gesture
-252,-254,957,Gesture
-253,-218,987,Gesture
-258,-200,1005,Gesture
-265,-176,1011,Gesture
-283,-152,1004,Gesture
-277,-144,998,Gesture
-255,-146,1010,Gesture
-250,-153,1014,Gesture
-258,-167,1005,Gesture
-231,-218,1008,Gesture
-219,-212,1016,Gesture
-217,-186,1026,Gesture
-195,-164,1049,Gesture
-205,-141,1062,Gesture
-205,-116,1064,Gesture
-178,-122,1070,Gesture
-166,-125,1082,Gesture
-168,-117,1086,Gesture
-157,-126,1083,Gesture
-153,-126,1071,Gesture
-151,-120,1068,Gesture
-126,-123,1065,Gesture
-121,-137,1058,Gesture
-132,-120,1046,Gesture
-121,-117,1044,Gesture
-124,-119,1038,Gesture
-136,-119,1020,Gesture
-22,-150,1035,Gesture
-19,-153,1040,Gesture
-9,-147,1043,Gesture
-12,-152,1035,Gesture
-1,-153,1037,Gesture
3,-170,1037,Gesture
6,-186,1046,Gesture
30,-209,1050,Gesture
50,-228,1058,Gesture
57,-255,1055,Gesture
66,-269,1049,Gesture
87,-279,1053,Gesture
105,-294,1064,Gesture
134,-315,1070,Gesture
161,-335,1080,Gesture
185,-354,1085,Gesture
218,-378,1085,Gesture
252,-413,1077,Gesture
279,-452,1067,Gesture
308,-488,1073,Gesture
320,-488,1091,Gesture
341,-489,1109,Gesture
386,-497,1118,Gesture
416,-512,1122,Gesture
449,-530,1107,Gesture
483,-572,1086,Gesture
489,-578,1070,Gesture
515,-572,1082,Gesture
507,-522,1088,Gesture
501,-462,1091,Gesture
524,-441,1088,Gesture
560,-446,1070,Gesture
561,-444,1064,Gesture
537,-405,1079,Gesture
524,-363,1094,Gesture
566,-333,1101,Gesture
594,-290,1085,Gesture
624,-261,1064,Gesture
-370,-801,1145,Gesture
-394,-767,1157,Gesture
-411,-740,1148,Gesture
-393,-696,1127,Gesture
-390,-650,1103,Gesture
-409,-666,1107,Gesture
-400,-620,1088,Gesture
-426,-612,1035,Gesture
-442,-552,1031,Gesture
-453,-533,1082,Gesture
-433,-575,1088,Gesture
-415,-578,1062,Gesture
-399,-546,1025,Gesture
-390,-519,989,Gesture
-393,-477,969,Gesture
-394,-456,950,Gesture
-412,-464,939,Gesture
-414,-462,911,Gesture
-409,-422,875,Gesture
-408,-416,858,Gesture
-388,-392,861,Gesture
-367,-348,890,Gesture
-357,-338,926,Gesture
-339,-306,933,Gesture
-324,-266,932,Gesture
-295,-246,912,Gesture
-274,-288,912,Gesture
-273,-306,920,Gesture
-258,-323,945,Gesture
-219,-291,981,Gesture
-199,-246,1010,Gesture
-159,-213,1034,Gesture
-162,-210,1032,Gesture
-184,-225,1032,Gesture
-171,-231,1014,Gesture
-180,-228,995,Gesture
-166,-266,1005,Gesture
-118,-266,1014,Gesture
-91,-251,1041,Gesture
-78,-254,1071,Gesture
-73,-236,1094,Gesture
-90,-204,1100,Gesture
-117,-186,1077,Gesture
-166,-182,1085,Gesture
-294,-164,1172,Gesture
-396,-173,1314,Gesture
-394,-233,1380,Gesture
-220,-258,1289,Gesture
-88,-261,1169,Gesture
-108,-278,1089,Gesture
-172,-263,995,Gesture
-262,-222,912,Gesture
-349,-200,852,Gesture
-400,-162,830,Gesture
-414,-144,819,Gesture
-399,-149,836,Gesture
-406,-161,852,Gesture
-423,-161,867,Gesture
-397,-159,896,Gesture
-355,-165,948,Gesture
-319,-168,1032,Gesture
-291,-180,1095,Gesture
-283,-182,1094,Gesture
-292,-177,1053,Gesture
-310,-201,987,Gesture
-331,-218,921,Gesture
-346,-221,873,Gesture
-349,-210,863,Gesture
-342,-209,878,Gesture
-328,-204,908,Gesture
-301,-185,929,Gesture
-292,-177,972,Gesture
-259,-161,1034,Gesture
-241,-158,1068,Gesture
-241,-171,1067,Gesture
-252,-177,1040,Gesture
-298,-195,993,Gesture
-331,-212,936,Gesture
-342,-212,903,Gesture
-345,-212,900,Gesture
-340,-209,906,Gesture
-328,-195,924,Gesture
-306,-185,956,Gesture
-301,-176,981,Gesture
-288,-177,1004,Gesture
-277,-177,1008,Gesture
-280,-192,1005,Gesture
-274,-192,986,Gesture
-277,-197,972,Gesture
-295,-194,956,Gesture
-297,-195,942,Gesture
-301,-192,944,Gesture
-315,-186,941,Gesture
-288,-195,966,Gesture
-279,-194,999,Gesture
-264,-197,1019,Gesture
-268,-207,1001,Gesture
-277,-212,969,Gesture
-295,-209,947,Gesture
-301,-215,933,Gesture
-307,-192,936,Gesture
-304,-197,951,Gesture
-298,-177,975,Gesture
-292,-189,966,Gesture
-282,-159,966,Gesture
-288,-168,975,Gesture
-292,-167,984,Gesture
-304,-164,995,Gesture
-316,-171,992,Gesture
-322,-185,981,Gesture
-334,-194,959,Gesture
-337,-197,942,Gesture
-349,-200,935,Gesture
-351,-215,924,Gesture
-351,-224,926,Gesture
-340,-201,954,Gesture
-343,-183,969,Gesture
-337,-185,974,Gesture
-327,-186,962,Gesture
-334,-189,951,Gesture
-342,-185,941,Gesture
-345,-180,936,Gesture
-340,-182,950,Gesture
-349,-182,956,Gesture
-346,-186,954,Gesture
-336,-194,954,Gesture
-331,-198,954,Gesture
288,-404,1056,Gesture
287,-359,1062,Gesture
285,-332,1068,Gesture
275,-284,1067,Gesture
278,-291,1061,Gesture
300,-281,1043,Gesture
305,-255,1046,Gesture
315,-224,1061,Gesture
315,-162,1071,Gesture
300,-129,1082,Gesture
302,-114,1077,Gesture
317,-111,1064,Gesture
309,-114,1056,Gesture
299,-120,1041,Gesture
308,-114,1040,Gesture
297,-74,1055,Gesture
308,-60,1061,Gesture
317,-41,1070,Gesture
342,-33,1080,Gesture
348,-41,1077,Gesture
345,-48,1076,Gesture
345,-41,1079,Gesture
-471,-996,1023,Gesture
-459,-947,1040,Gesture
-445,-930,1064,Gesture
-432,-933,1088,Gesture
-445,-857,1130,Gesture
-435,-855,1196,Gesture
-393,-788,1221,Gesture
-400,-756,1232,Gesture
-423,-762,1217,Gesture
-442,-720,1181,Gesture
-457,-681,1107,Gesture
-475,-654,1031,Gesture
-462,-621,981,Gesture
-481,-614,987,Gesture
-469,-593,986,Gesture
-444,-537,968,Gesture
-445,-501,933,Gesture
-424,-473,914,Gesture
-360,-416,930,Gesture
-313,-374,956,Gesture
-288,-321,971,Gesture
-276,-284,968,Gesture
-307,-284,978,Gesture
-283,-287,981,Gesture
-252,-261,972,Gesture
-247,-237,957,Gesture
-223,-219,942,Gesture
-201,-227,929,Gesture
-222,-195,912,Gesture
-213,-179,914,Gesture
-204,-143,911,Gesture
-193,-129,923,Gesture
-172,-111,941,Gesture
-156,-98,956,Gesture
-138,-92,974,Gesture
-103,-71,993,Gesture
-73,-36,1037,Gesture
-40,-21,1065,Gesture
5,-48,1115,Gesture
18,-57,1145,Gesture
3,-78,1155,Gesture
-21,-74,1169,Gesture
-39,-78,1158,Gesture
-40,-80,1146,Gesture
-55,-93,1116,Gesture
-79,-74,1088,Gesture
-81,-50,1062,Gesture
-94,-27,1049,Gesture
-96,-24,1046,Gesture
-111,-6,1038,Gesture
-120,-11,1031,Gesture
-108,3,1025,Gesture
-118,27,1020,Gesture
-136,63,1005,Gesture
-169,93,987,Gesture
-190,97,977,Gesture
-186,106,966,Gesture
-175,96,965,Gesture
-160,81,951,Gesture
-136,45,948,Gesture
-136,34,954,Gesture
-154,48,971,Gesture
-127,58,981,Gesture
-120,51,990,Gesture
-117,69,990,Gesture
-106,109,977,Gesture
-76,100,980,Gesture
-37,84,968,Gesture
140,46,1161,Gesture
-36,-2,1137,Gesture
164,-50,1200,Gesture
156,-62,1329,Gesture
126,43,1347,Gesture
107,120,1331,Gesture
41,184,1251,Gesture
33,256,1190,Gesture
62,291,1133,Gesture
111,259,1083,Gesture
174,226,1068,Gesture
201,252,1058,Gesture
144,210,1091,Gesture
21,351,975,Gesture
57,271,1011,Gesture
32,340,968,Gesture
8,298,944,Gesture
2,292,909,Gesture
-1,274,899,Gesture
-39,249,885,Gesture
-46,255,897,Gesture
-33,249,923,Gesture
-45,222,944,Gesture
-31,189,966,Gesture
-51,172,966,Gesture
-57,138,957,Gesture
-54,103,963,Gesture
-52,55,954,Gesture
-48,-6,944,Gesture
-66,-53,945,Gesture
-88,-83,957,Gesture
-85,-102,984,Gesture
-76,-134,1005,Gesture
-70,-185,1016,Gesture
-54,-228,993,Gesture
-4,-452,1089,Gesture
-73,-378,1047,Gesture
-6,-420,1172,Gesture
-40,-585,1083,Gesture
-55,-336,1089,Gesture
-51,-398,1152,Gesture
-118,-317,1127,Gesture
-94,-321,1170,Gesture
-124,-311,1151,Gesture
-106,-356,1148,Gesture
-102,-359,1157,Gesture
-145,-264,1109,Gesture
-154,-284,1062,Gesture
491,-260,1020,Gesture
482,-219,1002,Gesture
479,-206,1001,Gesture
465,-191,999,Gesture
471,-162,1002,Gesture
491,-152,995,Gesture
504,-126,999,Gesture
506,-96,1005,Gesture
497,-63,1020,Gesture
488,-33,1028,Gesture
474,-3,1041,Gesture
467,30,1047,Gesture
480,30,1044,Gesture
474,34,1025,Gesture
474,46,1011,Gesture
453,36,996,Gesture
450,22,999,Gesture
441,31,1017,Gesture
449,42,1032,Gesture
443,70,1035,Gesture
450,93,1023,Gesture
447,76,1020,Gesture
455,45,1017,Gesture
465,15,1026,Gesture
470,-3,1044,Gesture
497,-15,1046,Gesture
497,-11,1049,Gesture
521,-17,1047,Gesture
534,-24,1065,Gesture
543,-18,1091,Gesture
555,-27,1113,Gesture
558,-14,1119,Gesture
572,3,1125,Gesture
-55,-275,1122,Gesture
-70,-276,1106,Gesture
-103,-269,1085,Gesture
-106,-242,1091,Gesture
-81,-230,1098,Gesture
-73,-207,1103,Gesture
-40,-200,1085,Gesture
-54,-177,1067,Gesture
-30,-180,1043,Gesture
-16,-155,1043,Gesture
3,-152,1071,Gesture
5,-131,1104,Gesture
20,-141,1113,Gesture
21,-159,1110,Gesture
32,-174,1086,Gesture
35,-195,1065,Gesture
14,-189,1044,Gesture
15,-177,1038,Gesture
11,-161,1037,Gesture
-13,-149,1043,Gesture
-15,-138,1047,Gesture
-16,-119,1040,Gesture
-6,-104,1050,Gesture
23,-105,1077,Gesture
-12,-102,1073,Gesture
-27,-95,1058,Gesture
-76,-56,1041,Gesture
-111,-42,1035,Gesture
-118,-21,1022,Gesture
-133,0,1014,Gesture
-127,1,1011,Gesture
-109,-11,1011,Gesture
-118,-20,998,Gesture
-118,-24,1001,Gesture
-114,-8,1002,Gesture
-13,-11,1101,Gesture
-60,-27,1157,Gesture
-139,-84,1071,Gesture
-204,-51,945,Gesture
-52,-32,1157,Gesture
-94,-12,1142,Gesture
-142,-92,1098,Gesture
-45,-93,1178,Gesture
-42,-74,1221,Gesture
15,-42,1199,Gesture
-3,-6,1139,Gesture
32,51,1104,Gesture
77,19,1073,Gesture
62,39,1041,Gesture
143,81,1119,Gesture
50,109,1088,Gesture
60,195,1047,Gesture
96,120,1064,Gesture
80,171,1025,Gesture
66,133,992,Gesture
50,127,966,Gesture
53,138,972,Gesture
42,142,981,Gesture
3,145,974,Gesture
-10,123,969,Gesture
-33,79,945,Gesture
-22,27,927,Gesture
-18,-5,936,Gesture
3,-35,947,Gesture
6,-38,984,Gesture
15,-27,1037,Gesture
-4,-18,1061,Gesture
-33,-29,1064,Gesture
-57,-53,1068,Gesture
-58,-96,1059,Gesture
-76,-134,1032,Gesture
-91,-176,993,Gesture
-96,-191,969,Gesture
-112,-209,963,Gesture
-99,-234,962,Gesture
-112,-264,954,Gesture
-121,-291,947,Gesture
-115,-303,947,Gesture
-115,-318,953,Gesture
-114,-326,959,Gesture
-88,-333,987,Gesture
-73,-366,1058,Gesture
-105,-393,1016,Gesture
-79,-353,1041,Gesture
-69,-389,1089,Gesture
-90,-351,1085,Gesture
-106,-284,1089,Gesture
-91,-254,1115,Gesture
-124,-206,1103,Gesture
-142,-171,1061,Gesture
-150,-197,1059,Gesture
-171,-201,1065,Gesture
-156,-195,1031,Gesture
-153,-198,1005,Gesture
-160,-213,977,Gesture
-169,-222,962,Gesture
-172,-203,936,Gesture
-163,-195,926,Gesture
-153,-192,932,Gesture
-120,-219,963,Gesture
-111,-186,966,Gesture
-114,-135,966,Gesture
-85,-144,998,Gesture
-121,-123,978,Gesture
-139,-123,975,Gesture
-144,-107,974,Gesture
-141,-105,969,Gesture
-124,-104,981,Gesture
-76,-101,1016,Gesture
-52,-93,1032,Gesture
-64,-119,1004,Gesture
-78,-98,1035,Gesture
-105,-170,1013,Gesture
-88,-143,989,Gesture
-88,-129,1001,Gesture
-76,-125,995,Gesture
-105,-113,999,Gesture
-109,-87,998,Gesture
-85,-111,981,Gesture
-76,-131,974,Gesture
-82,-123,980,Gesture
-121,-116,981,Gesture
-150,-80,978,Gesture
-150,-75,971,Gesture
-172,-65,978,Gesture
-160,-60,957,Gesture
-133,-36,977,Gesture
-106,-47,993,Gesture
-91,-89,1076,Gesture
-150,-92,1023,Gesture
-259,-107,912,Gesture
-123,-89,860,Gesture
-55,-114,1092,Gesture
-265,-209,1022,Gesture
-111,354,1100,Gesture
-117,352,1098,Gesture
-111,343,1095,Gesture
-100,334,1098,Gesture
-99,348,1101,Gesture
-79,367,1110,Gesture
-79,393,1118,Gesture
-76,403,1125,Gesture
-88,406,1124,Gesture
-90,399,1119,Gesture
-64,385,1116,Gesture
-60,378,1104,Gesture
-43,372,1110,Gesture
-24,370,1106,Gesture
-21,367,1109,Gesture
-24,360,1112,Gesture
78,63,1167,Gesture
68,51,1176,Gesture
24,54,1178,Gesture
-15,66,1151,Gesture
-52,78,1119,Gesture
-106,82,1106,Gesture
-150,91,1175,Gesture
-205,124,1308,Gesture
-177,19,1413,Gesture
-63,-69,1424,Gesture
75,-158,1335,Gesture
111,-225,1221,Gesture
107,-246,1119,Gesture
29,-257,1059,Gesture
-72,-188,993,Gesture
-115,-125,930,Gesture
-148,-104,893,Gesture
-156,-123,866,Gesture
-112,-152,881,Gesture
-55,-209,948,Gesture
-34,-233,1019,Gesture
-60,-255,1064,Gesture
-88,-269,1104,Gesture
-103,-222,1137,Gesture
-100,-189,1118,Gesture
-127,-144,1071,Gesture
-159,-84,1016,Gesture
-204,-75,963,Gesture
-262,-126,894,Gesture
-414,-164,834,Gesture
-492,-159,807,Gesture
-498,-122,591,Gesture
-111,-176,1118,Gesture
-288,-153,1025,Gesture
-198,-281,1034,Gesture
-171,-302,1080,Gesture
-117,-248,1103,Gesture
-52,-200,1124,Gesture
-90,-68,1050,Gesture
-66,-92,1056,Gesture
-67,-186,1098,Gesture
-108,-197,1151,Gesture
-130,-233,1169,Gesture
-12,-282,1226,Gesture
-52,-300,1323,Gesture
-43,-320,1341,Gesture
39,-383,1416,Gesture
-16,-411,1392,Gesture
-57,-431,1340,Gesture
-81,-458,1314,Gesture
-82,-465,1310,Gesture
-87,-468,1295,Gesture
-79,-470,1281,Gesture
-90,-485,1265,Gesture
-97,-560,1203,Gesture
-154,-605,1095,Gesture
-225,-582,1025,Gesture
-213,-546,989,Gesture
-159,-527,975,Gesture
-97,-503,974,Gesture
-61,-473,978,Gesture
-94,-507,966,Gesture
-117,-497,974,Gesture
-118,-428,966,Gesture
-153,-338,930,Gesture
-168,-318,909,Gesture
-139,-282,944,Gesture
-166,-173,951,Gesture
-214,-98,945,Gesture
-265,-41,921,Gesture
-294,-14,903,Gesture
-307,-15,879,Gesture
-324,-6,848,Gesture
-340,-21,813,Gesture
-333,-32,783,Gesture
-339,-45,774,Gesture
-340,-68,771,Gesture
-339,-47,786,Gesture
-352,-20,800,Gesture
-360,3,807,Gesture
-348,9,818,Gesture
-331,-5,821,Gesture
-339,-5,819,Gesture
-334,-15,825,Gesture
-333,-30,815,Gesture
-319,-42,821,Gesture
-315,-53,827,Gesture
-319,-39,843,Gesture
-316,-35,851,Gesture
-321,-59,848,Gesture
-319,-84,840,Gesture
-319,-110,839,Gesture
-312,-110,837,Gesture
-306,-113,833,Gesture
-319,-105,840,Gesture
-322,-93,845,Gesture
-327,-107,852,Gesture
-309,-125,863,Gesture
-295,-143,875,Gesture
-259,-173,885,Gesture
-246,-182,902,Gesture
-246,-177,914,Gesture
-250,-162,929,Gesture
-256,-147,944,Gesture
-262,-131,954,Gesture
-273,-123,959,Gesture
-274,-126,957,Gesture
-262,-134,965,Gesture
-250,-146,980,Gesture
-237,-162,986,Gesture
-235,-165,990,Gesture
-244,-153,990,Gesture
-241,-158,1001,Gesture
-249,-159,999,Gesture
-252,-158,1002,Gesture
-252,-158,995,Gesture
-253,-149,992,Gesture
-252,-167,992,Gesture
-259,-165,981,Gesture
-246,-165,980,Gesture
92,226,1202,Gesture
89,237,1205,Gesture
89,264,1208,Gesture
110,297,1215,Gesture
131,322,1230,Gesture
134,342,1245,Gesture
155,366,1250,Gesture
158,360,1248,Gesture
155,342,1238,Gesture
132,315,1217,Gesture
164,336,1211,Gesture
188,339,1217,Gesture
219,330,1223,Gesture
282,289,1247,Gesture
314,273,1256,Gesture
354,249,1293,Gesture
383,244,1323,Gesture
410,259,1343,Gesture
419,249,1355,Gesture
452,193,1361,Gesture
462,139,1347,Gesture
488,72,1343,Gesture
533,-5,1337,Gesture
548,-51,1301,Gesture
542,-117,1262,Gesture
500,-167,1229,Gesture
479,-221,1194,Gesture
450,-315,1148,Gesture
411,-362,1094,Gesture
-111,-192,1128,Gesture
-91,-200,1133,Gesture
-147,-180,1122,Gesture
-162,-168,1098,Gesture
-166,-167,1086,Gesture
-186,-150,1067,Gesture
-192,-147,1044,Gesture
-222,-144,999,Gesture
-241,-125,957,Gesture
-270,-141,942,Gesture
-312,-182,896,Gesture
-331,-179,882,Gesture
-337,-153,909,Gesture
-373,-180,909,Gesture
-415,-138,899,Gesture
-415,-158,921,Gesture
-381,-161,896,Gesture
-100,-239,1331,Gesture
-244,-173,1305,Gesture
-213,-288,1308,Gesture
-315,-309,1268,Gesture
-331,-282,1200,Gesture
-316,-291,1154,Gesture
-270,-282,1107,Gesture
-178,-267,1098,Gesture
-102,-284,1073,Gesture
39,-324,1086,Gesture
84,-393,1164,Gesture
24,-402,1011,Gesture
-103,-479,1002,Gesture
-142,-491,950,Gesture
-169,-495,863,Gesture
-174,-392,797,Gesture
-190,-342,770,Gesture
-220,-285,767,Gesture
-211,-231,770,Gesture
-285,-141,759,Gesture
-330,-77,746,Gesture
-399,0,728,Gesture
-475,13,687,Gesture
-484,48,704,Gesture
-474,82,743,Gesture
-426,85,782,Gesture
-348,66,809,Gesture
-289,40,848,Gesture
-193,-68,860,Gesture
-121,-89,861,Gesture
-39,-221,830,Gesture
-54,-273,750,Gesture
-85,-282,635,Gesture
-46,-414,564,Gesture
125,-341,582,Gesture
692,-2,1380,Gesture
737,4,1716,Gesture
162,-336,1497,Gesture
251,-176,1790,Gesture
53,-78,1620,Gesture
-54,-92,1325,Gesture
-3,-62,1239,Gesture
135,-95,1169,Gesture
225,-152,1125,Gesture
312,-258,1140,Gesture
423,-267,1284,Gesture
386,-320,1164,Gesture
512,-381,1224,Gesture
425,-360,1283,Gesture
438,-450,1314,Gesture
455,-420,1376,Gesture
413,-456,1383,Gesture
435,-468,1347,Gesture
452,-510,1376,Gesture
477,-521,1410,Gesture
509,-509,1388,Gesture
530,-480,1337,Gesture
524,-483,1272,Gesture
465,-495,1232,Gesture
414,-458,1200,Gesture
393,-389,1167,Gesture
350,-321,1104,Gesture
291,-255,1044,Gesture
224,-198,989,Gesture
150,-159,953,Gesture
50,-135,905,Gesture
-37,-117,857,Gesture
-75,-107,825,Gesture
-96,-75,785,Gesture
-129,-53,737,Gesture
-178,-45,714,Gesture
-225,-30,705,Gesture
-283,-18,693,Gesture
-337,-17,651,Gesture
-396,45,644,Gesture
-432,85,629,Gesture
-468,108,626,Gesture
-504,123,612,Gesture
-544,145,608,Gesture
-582,172,609,Gesture
-606,126,602,Gesture
-607,94,593,Gesture
-595,61,599,Gesture
-574,49,615,Gesture
-562,45,645,Gesture
-535,33,651,Gesture
-475,12,672,Gesture
-426,-39,696,Gesture
-394,-59,716,Gesture
-367,-75,758,Gesture
-322,-99,800,Gesture
-282,-134,834,Gesture
-250,-137,870,Gesture
-231,-116,900,Gesture
171,430,1185,Gesture
182,403,1175,Gesture
197,385,1166,Gesture
197,361,1151,Gesture
194,343,1140,Gesture
224,328,1140,Gesture
239,325,1148,Gesture
260,340,1167,Gesture
272,336,1179,Gesture
291,325,1172,Gesture
297,297,1166,Gesture
320,253,1164,Gesture
344,216,1160,Gesture
380,193,1163,Gesture
414,174,1188,Gesture
446,163,1221,Gesture
480,156,1265,Gesture
501,160,1305,Gesture
506,157,1335,Gesture
503,147,1356,Gesture
495,135,1377,Gesture
485,102,1382,Gesture
495,51,1377,Gesture
494,19,1400,Gesture
483,25,1404,Gesture
480,34,1416,Gesture
458,69,1409,Gesture
467,79,1415,Gesture
471,57,1404,Gesture
483,49,1389,Gesture
486,6,1374,Gesture
494,-74,1352,Gesture
479,-159,1310,Gesture
471,-257,1256,Gesture
465,-338,1196,Gesture
462,-438,1152,Gesture
453,-480,1133,Gesture
425,-480,1112,Gesture
392,-476,1103,Gesture
-811,-335,266,Gesture
-823,-390,287,Gesture
-825,-410,305,Gesture
-864,-413,315,Gesture
-886,-411,305,Gesture
-906,-387,291,Gesture
-939,-341,278,Gesture
-990,-309,257,Gesture
-999,-291,234,Gesture
-1014,-275,200,Gesture
-1029,-273,176,Gesture
-1003,-276,152,Gesture
-990,-258,146,Gesture
-976,-252,147,Gesture
-960,-249,167,Gesture
-960,-261,186,Gesture
-945,-281,192,Gesture
-954,-308,198,Gesture
-958,-342,194,Gesture
-975,-342,204,Gesture
-976,-333,216,Gesture
-969,-338,215,Gesture
-975,-338,209,Gesture
-985,-345,204,Gesture
-984,-359,207,Gesture
-979,-378,210,Gesture
-984,-383,215,Gesture
-975,-393,219,Gesture
-969,-369,227,Gesture
-973,-354,213,Gesture
-975,-351,207,Gesture
-969,-339,203,Gesture
-979,-339,191,Gesture
-973,-330,197,Gesture
-975,-335,180,Gesture
-978,-336,165,Gesture
-996,-356,138,Gesture
-984,-369,119,Gesture
-978,-368,129,Gesture
-990,-375,111,Gesture
-1000,-435,95,Gesture
-964,-296,219,Gesture
-975,-264,330,Gesture
-1002,-248,383,Gesture
-982,-279,434,Gesture
-963,-341,435,Gesture
-958,-396,404,Gesture
-978,-399,372,Gesture
-978,-396,330,Gesture
-1011,-389,285,Gesture
-1015,-357,239,Gesture
-1050,-357,224,Gesture
-1051,-377,176,Gesture
-1026,-372,168,Gesture
-991,-390,120,Gesture
-958,-396,123,Gesture
-958,-369,134,Gesture
-946,-351,90,Gesture
-967,-321,59,Gesture
-1009,-318,29,Gesture
-981,-264,32,Gesture
-975,-216,51,Gesture
-969,-170,96,Gesture
-925,-119,219,Gesture
-919,-98,294,Gesture
-934,-195,302,Gesture
-928,-237,291,Gesture
-948,-308,254,Gesture
-957,-363,210,Gesture
-954,-384,189,Gesture
-963,-410,173,Gesture
-951,-428,177,Gesture
-949,-444,176,Gesture
-945,-443,192,Gesture
-942,-449,200,Gesture
-964,-446,195,Gesture
-960,-419,216,Gesture
-973,-401,224,Gesture
-979,-362,258,Gesture
-1009,-365,240,Gesture
-1006,-353,227,Gesture
-1021,-378,168,Gesture
-985,-336,236,Gesture
-1015,-366,168,Gesture
-975,-362,117,Gesture
-978,-401,95,Gesture
-948,-405,66,Gesture
-955,-389,140,Gesture
-966,-336,218,Gesture
-993,-308,266,Gesture
-1005,-284,314,Gesture
-958,-276,351,Gesture
-991,-308,353,Gesture
-996,-345,326,Gesture
-1000,-359,290,Gesture
-991,-360,249,Gesture
-1015,-378,221,Gesture
-1024,-398,167,Gesture
-985,-410,135,Gesture
-964,-353,120,Gesture
-973,-350,116,Gesture
-990,-318,117,Gesture
-1006,-311,128,Gesture
-994,-291,108,Gesture
-982,-269,126,Gesture
-970,-237,137,Gesture
-967,-234,158,Gesture
-991,-245,144,Gesture
-996,-230,149,Gesture
-999,-249,159,Gesture
-994,-272,140,Gesture
-1005,-269,129,Gesture
-1000,-275,129,Gesture
-994,-269,147,Gesture
-973,-233,165,Gesture
-970,-218,197,Gesture
-957,-189,252,Gesture
-973,-206,282,Gesture
-999,-233,312,Gesture
-1008,-270,276,Gesture
-1000,-335,239,Gesture
-994,-366,218,Gesture
-960,-393,195,Gesture
-940,-411,173,Gesture
-945,-389,158,Gesture
-949,-362,144,Gesture
-976,-330,119,Gesture
-994,-306,131,Gesture
-1005,-279,141,Gesture
867,1254,1289,Gesture
804,1258,1211,Gesture
761,1246,1128,Gesture
734,1230,1049,Gesture
722,1201,981,Gesture
717,1182,915,Gesture
701,1177,851,Gesture
642,1230,816,Gesture
600,1293,771,Gesture
584,1308,707,Gesture
569,1279,630,Gesture
509,1263,530,Gesture
446,1254,425,Gesture
377,1269,318,Gesture
342,1297,207,Gesture
312,1296,101,Gesture
308,1254,14,Gesture
300,1257,-76,Gesture
293,1161,-157,Gesture
344,1137,-240,Gesture
-364,-248,989,Gesture
-340,-239,987,Gesture
-339,-209,990,Gesture
-330,-185,989,Gesture
-313,-171,986,Gesture
-295,-167,983,Gesture
-264,-182,995,Gesture
-240,-188,1014,Gesture
-208,-176,1022,Gesture
-177,-171,1037,Gesture
-183,-152,1026,Gesture
-207,-122,1016,Gesture
-235,-114,1010,Gesture
-220,-111,1022,Gesture
-184,-102,1041,Gesture
-127,-108,1058,Gesture
-76,-108,1067,Gesture
-46,-128,1068,Gesture
-43,-113,1058,Gesture
-42,-78,1083,Gesture
-10,-75,1110,Gesture
-7,-68,1109,Gesture
-34,-65,1077,Gesture
-78,-59,1047,Gesture
-96,-35,1019,Gesture
-82,-17,995,Gesture
-78,6,974,Gesture
-61,-39,984,Gesture
-54,-48,1007,Gesture
-34,-30,1028,Gesture
-18,-21,1044,Gesture
0,-26,1052,Gesture
14,3,1058,Gesture
33,10,1061,Gesture
38,-14,1055,Gesture
33,0,1040,Gesture
44,28,1023,Gesture
62,40,1005,Gesture
36,63,1005,Gesture
59,78,1011,Gesture
72,90,1001,Gesture
47,115,1002,Gesture
48,138,999,Gesture
-6,174,890,Gesture
53,133,876,Gesture
35,369,1131,Gesture
158,196,1226,Gesture
44,213,1275,Gesture
144,73,1289,Gesture
158,27,1275,Gesture
150,-38,1185,Gesture
120,-108,1110,Gesture
119,-5,1071,Gesture
120,82,1061,Gesture
99,160,1079,Gesture
53,193,1046,Gesture
110,220,1080,Gesture
126,259,1283,Gesture
-28,366,972,Gesture
89,286,1082,Gesture
35,394,1071,Gesture
-7,322,1031,Gesture
-24,312,999,Gesture
-22,295,977,Gesture
-13,273,962,Gesture
-9,199,954,Gesture
-16,129,939,Gesture
-9,112,945,Gesture
-22,120,960,Gesture
-42,108,945,Gesture
-76,100,960,Gesture
-67,81,983,Gesture
-67,54,983,Gesture
-63,-3,1007,Gesture
-34,-41,1037,Gesture
-30,-75,1047,Gesture
-48,-147,1040,Gesture
-42,-210,1029,Gesture
-45,-275,1010,Gesture
-58,-317,993,Gesture
-66,-350,978,Gesture
-82,-390,984,Gesture
-84,-443,987,Gesture
-88,-365,990,Gesture
-61,-407,1023,Gesture
-54,-444,1025,Gesture
-43,-416,1049,Gesture
-13,-467,1113,Gesture
-48,-443,1113,Gesture
-30,-452,1101,Gesture
-33,-455,1103,Gesture
-34,-410,1091,Gesture
-43,-365,1079,Gesture
-73,-314,1079,Gesture
-123,-263,1076,Gesture
-147,-225,1059,Gesture
-141,-227,1038,Gesture
-132,-240,1007,Gesture
-117,-260,977,Gesture
-112,-260,962,Gesture
-97,-254,938,Gesture
-87,-242,935,Gesture
-79,-233,942,Gesture
-88,-180,956,Gesture
-91,-150,944,Gesture
-84,-123,942,Gesture
-81,-102,932,Gesture
-115,-42,923,Gesture
-138,-2,944,Gesture
-120,-26,917,Gesture
-150,-11,857,Gesture
-285,33,701,Gesture
-106,-45,647,Gesture
27,-6,1080,Gesture
-139,-176,1205,Gesture
96,-263,1349,Gesture
102,-270,1386,Gesture
68,-200,1337,Gesture
59,-60,1307,Gesture
81,67,1307,Gesture
150,24,1377,Gesture
233,-86,1391,Gesture
222,-72,1404,Gesture
203,-146,1304,Gesture
347,-189,1227,Gesture
1734,49,2014,Gesture
1802,75,2014,Gesture
1892,205,2014,Gesture
1958,376,2014,Gesture
1970,571,2014,Gesture
1913,831,2014,Gesture
1760,1048,1905,Gesture
1560,1243,1722,Gesture
1371,1440,1557,Gesture
1181,1666,1433,Gesture
1013,1788,1349,Gesture
927,1789,1272,Gesture
932,1741,1188,Gesture
911,1642,1106,Gesture
908,1510,1004,Gesture
918,1404,917,Gesture
938,1341,863,Gesture
977,1341,818,Gesture
945,1380,744,Gesture
905,1404,666,Gesture
866,1459,582,Gesture
782,1461,489,Gesture
692,1531,377,Gesture
590,1596,245,Gesture
501,1530,158,Gesture
-145,-105,1103,Gesture
-117,-156,1091,Gesture
-115,-183,1077,Gesture
-120,-170,1065,Gesture
-93,-164,1062,Gesture
-88,-120,1047,Gesture
-84,-113,1031,Gesture
-69,-107,1014,Gesture
-82,-107,986,Gesture
-75,-87,983,Gesture
-31,-59,993,Gesture
-10,-68,1010,Gesture
24,-45,1016,Gesture
33,-53,1011,Gesture
20,-36,1020,Gesture
0,-5,1016,Gesture
12,3,1014,Gesture
54,21,1059,Gesture
84,39,1104,Gesture
107,27,1122,Gesture
108,-9,1131,Gesture
92,-33,1124,Gesture
80,-56,1103,Gesture
35,-59,1076,Gesture
-10,-59,1050,Gesture
-37,-33,1031,Gesture
-42,-14,1025,Gesture
-55,4,1014,Gesture
-76,10,983,Gesture
-91,19,968,Gesture
-111,76,942,Gesture
-136,112,920,Gesture
-132,123,903,Gesture
-154,121,876,Gesture
-154,75,864,Gesture
-154,37,819,Gesture
-91,58,842,Gesture
51,370,1307,Gesture
198,378,1431,Gesture
144,154,1391,Gesture
227,267,1536,Gesture
225,211,1449,Gesture
137,27,1236,Gesture
185,114,1214,Gesture
186,186,1142,Gesture
158,288,1062,Gesture
210,270,1043,Gesture
240,333,1154,Gesture
47,414,917,Gesture
123,328,962,Gesture
96,391,956,Gesture
38,336,908,Gesture
17,297,884,Gesture
26,250,875,Gesture
26,211,882,Gesture
11,174,899,Gesture
-1,153,893,Gesture
-4,129,891,Gesture
0,106,914,Gesture
11,91,965,Gesture
-3,79,993,Gesture
-18,24,1008,Gesture
-28,-57,999,Gesture
-33,-129,989,Gesture
-18,-183,999,Gesture
-10,-233,1008,Gesture
-30,-257,1035,Gesture
-15,-362,1101,Gesture
26,-471,1229,Gesture
-45,-497,1236,Gesture
-106,-341,1146,Gesture
-54,-410,1172,Gesture
-46,-443,1169,Gesture
-30,-401,1173,Gesture
-24,-467,1155,Gesture
-40,-488,1121,Gesture
-45,-480,1092,Gesture
-61,-414,1046,Gesture
-82,-368,995,Gesture
-118,-329,936,Gesture
-154,-312,899,Gesture
-163,-315,866,Gesture
-141,-371,872,Gesture
-127,-366,878,Gesture
-78,-347,929,Gesture
-76,-363,921,Gesture
-126,-315,903,Gesture
-154,-249,908,Gesture
-204,-189,929,Gesture
-196,-174,926,Gesture
-234,-189,918,Gesture
-247,-185,960,Gesture
-421,-201,861,Gesture
-258,-107,780,Gesture
33,82,1223,Gesture
-268,-86,1269,Gesture
-157,-143,1356,Gesture
-42,-30,1362,Gesture
41,-69,1328,Gesture
53,-89,1247,Gesture
105,-98,1245,Gesture
203,-170,1272,Gesture
321,-153,1422,Gesture
386,-320,1352,Gesture
531,-297,1310,Gesture
498,-297,1479,Gesture
470,-470,1401,Gesture
546,-387,1352,Gesture
500,-393,1350,Gesture
525,-386,1292,Gesture
503,-362,1227,Gesture
477,-330,1175,Gesture
462,-257,1112,Gesture
449,-216,1062,Gesture
437,-225,1010,Gesture
438,-201,960,Gesture
366,-200,911,Gesture
288,-159,864,Gesture
201,-152,810,Gesture
77,-113,759,Gesture
1740,-135,2014,Gesture
1959,-578,2014,Gesture
2020,-1133,2014,Gesture
2020,-1493,2014,Gesture
2020,-1931,2014,Gesture
2020,-2050,2014,Gesture
2020,-2050,1913,Gesture
2020,-2050,1415,Gesture
2020,-2050,1004,Gesture
2020,-2050,699,Gesture
2020,-2050,423,Gesture
2020,-2050,179,Gesture
2020,-2050,-39,Gesture
1961,-2050,-222,Gesture
1898,-1851,-337,Gesture
1860,-1490,-498,Gesture
1728,-1367,-651,Gesture
1683,-1403,-861,Gesture
1634,-1400,-1123,Gesture
1610,-1448,-1407,Gesture
1683,-1400,-1491,Gesture
1818,-1191,-1584,Gesture
1980,-965,-1683,Gesture
2020,-750,-1813,Gesture
2020,-576,-1914,Gesture
2020,-509,-1887,Gesture
2020,-425,-1768,Gesture
2020,-171,-1707,Gesture
2020,220,-1555,Gesture
41,33,884,Gesture
33,64,936,Gesture
95,87,962,Gesture
210,273,1308,Gesture
252,31,1320,Gesture
248,265,1457,Gesture
245,120,1413,Gesture
206,43,1325,Gesture
158,67,1232,Gesture
158,120,1181,Gesture
194,156,1232,Gesture
164,324,1067,Gesture
215,157,1029,Gesture
186,303,1046,Gesture
66,427,1085,Gesture
-126,552,825,Gesture
66,354,885,Gesture
3,487,974,Gesture
-52,465,936,Gesture
27,343,923,Gesture
51,310,915,Gesture
29,246,927,Gesture
9,184,921,Gesture
-21,151,897,Gesture
-19,129,912,Gesture
0,145,966,Gesture
47,33,1073,Gesture
132,-323,1139,Gesture
-27,-207,998,Gesture
81,-389,1149,Gesture
-43,-440,1014,Gesture
-12,-363,1130,Gesture
-37,-470,1049,Gesture
53,-668,1146,Gesture
-66,-480,1115,Gesture
48,-575,1284,Gesture
8,-807,1133,Gesture
-39,-498,1067,Gesture
-21,-591,1110,Gesture
-52,-558,1055,Gesture
-73,-476,1023,Gesture
-105,-449,995,Gesture
-114,-425,974,Gesture
-130,-407,942,Gesture
-147,-365,926,Gesture
-129,-347,945,Gesture
-154,-285,948,Gesture
-141,-233,960,Gesture
-142,-195,962,Gesture
-171,-170,947,Gesture
-180,-152,929,Gesture
-168,-167,924,Gesture
-171,-186,911,Gesture
-154,-213,941,Gesture
-133,-207,963,Gesture
-108,-200,995,Gesture
-75,-177,1011,Gesture
-67,-191,1017,Gesture
-63,-201,995,Gesture
-66,-179,960,Gesture
-73,-177,927,Gesture
-75,-147,926,Gesture
-139,-102,903,Gesture
-270,1,761,Gesture
33,-93,1211,Gesture
-7,93,1283,Gesture
-4,-171,1295,Gesture
146,-279,1368,Gesture
206,-387,1343,Gesture
251,-432,1229,Gesture
246,-437,1151,Gesture
294,-453,1113,Gesture
336,-504,1119,Gesture
368,-576,1353,Gesture
398,-365,1089,Gesture
464,-516,1410,Gesture
320,-339,1185,Gesture
380,-446,1212,Gesture
392,-395,1269,Gesture
371,-408,1248,Gesture
348,-383,1229,Gesture
347,-354,1173,Gesture
326,-311,1109,Gesture
308,-279,1044,Gesture
239,-216,1002,Gesture
189,-174,968,Gesture
185,-146,956,Gesture
207,-152,945,Gesture
195,-144,932,Gesture
171,-150,914,Gesture
159,-140,882,Gesture
89,-123,854,Gesture
59,-117,839,Gesture
53,-108,834,Gesture
17,-99,833,Gesture
15,-123,839,Gesture
-1,-170,843,Gesture
-43,-206,857,Gesture
-82,-239,842,Gesture
-127,-240,810,Gesture
-144,-260,800,Gesture
-156,-273,828,Gesture
-189,-230,849,Gesture
-195,-192,869,Gesture
-238,-153,876,Gesture
-262,-135,890,Gesture
-253,-180,905,Gesture
-247,-197,918,Gesture
-222,-215,938,Gesture
-205,-218,951,Gesture
278,525,1515,Gesture
287,553,1574,Gesture
284,586,1631,Gesture
267,597,1700,Gesture
249,594,1763,Gesture
240,568,1824,Gesture
251,570,1901,Gesture
243,582,1979,Gesture
222,619,2014,Gesture
197,672,2014,Gesture
216,673,2014,Gesture
276,615,2014,Gesture
425,430,2014,Gesture
516,256,2014,Gesture
608,130,2014,Gesture
681,22,2014,Gesture
716,-11,2014,Gesture
866,-86,2014,Gesture
1235,-356,2014,Gesture
1529,-696,2014,Gesture
1908,-1056,2014,Gesture
2020,-1382,2014,Gesture
2020,-1805,2014,Gesture
2020,-2050,2014,Gesture
2020,-2050,2014,Gesture
2020,-2050,2014,Gesture
2020,-2050,1565,Gesture
2020,-2050,1094,Gesture
2020,-2050,680,Gesture
2020,-2050,306,Gesture
2020,-2050,-46,Gesture
2020,-2050,-361,Gesture
2020,-2050,-648,Gesture
2020,-2050,-868,Gesture
1932,-1778,-957,Gesture
1878,-1425,-1008,Gesture
1773,-1118,-1060,Gesture
1745,-875,-1134,Gesture
1826,-683,-1282,Gesture
-531,-429,767,Gesture
-519,-470,776,Gesture
-459,-503,803,Gesture
-402,-474,825,Gesture
-372,-480,849,Gesture
-361,-491,840,Gesture
-364,-503,819,Gesture
-348,-551,797,Gesture
-348,-534,777,Gesture
-340,-521,768,Gesture
-355,-489,770,Gesture
-372,-446,770,Gesture
-352,-434,761,Gesture
-313,-413,767,Gesture
-267,-380,771,Gesture
-258,-354,776,Gesture
-229,-323,809,Gesture
-238,-306,857,Gesture
-162,-300,944,Gesture
-99,-245,1001,Gesture
-55,-251,1029,Gesture
-16,-239,1040,Gesture
0,-224,1031,Gesture
5,-206,1031,Gesture
-22,-177,1004,Gesture
-40,-144,993,Gesture
-63,-110,977,Gesture
-99,-59,972,Gesture
-100,-63,984,Gesture
-70,-60,999,Gesture
-73,-44,1007,Gesture
-39,-48,1004,Gesture
17,-60,1007,Gesture
42,-57,1029,Gesture
90,-33,1082,Gesture
110,4,1118,Gesture
123,-21,1154,Gesture
95,-21,1167,Gesture
65,-30,1154,Gesture
47,-26,1139,Gesture
23,-14,1130,Gesture
29,-12,1130,Gesture
23,-12,1115,Gesture
-13,-24,1088,Gesture
-37,-15,1067,Gesture
-45,-12,1070,Gesture
-61,4,1071,Gesture
-43,1,1065,Gesture
-40,-20,1038,Gesture
-54,-33,995,Gesture
-48,-69,948,Gesture
-72,-80,926,Gesture
-75,-78,926,Gesture
-78,-63,926,Gesture
-76,-65,927,Gesture
-54,-38,933,Gesture
-40,-29,942,Gesture
-27,-15,953,Gesture
-21,-30,927,Gesture
-33,3,927,Gesture
-61,52,923,Gesture
-61,58,920,Gesture
-58,84,917,Gesture
162,291,1263,Gesture
60,142,1193,Gesture
173,235,1389,Gesture
117,135,1334,Gesture
192,93,1368,Gesture
164,54,1256,Gesture
129,-14,1146,Gesture
152,51,1107,Gesture
168,115,1067,Gesture
159,100,987,Gesture
143,282,969,Gesture
242,186,1041,Gesture
119,333,1172,Gesture
87,355,902,Gesture
122,307,995,Gesture
56,408,995,Gesture
29,316,963,Gesture
36,330,951,Gesture
54,309,953,Gesture
54,267,978,Gesture
50,217,1002,Gesture
45,235,998,Gesture
44,232,981,Gesture
42,240,995,Gesture
21,217,1011,Gesture
14,160,1022,Gesture
24,147,1031,Gesture
60,105,1046,Gesture
81,63,1040,Gesture
126,-3,1016,Gesture
149,-96,1007,Gesture
168,-404,1100,Gesture
90,-198,1002,Gesture
119,-354,1050,Gesture
18,-273,956,Gesture
50,-335,935,Gesture
42,-377,923,Gesture
26,-293,932,Gesture
71,-435,989,Gesture
-3,-359,975,Gesture
27,-431,1001,Gesture
20,-467,1026,Gesture
20,-434,1028,Gesture
32,-417,1010,Gesture
20,-393,1019,Gesture
-6,-365,1025,Gesture
-51,-293,1014,Gesture
-78,-257,1004,Gesture
-66,-257,1032,Gesture
-24,-326,1043,Gesture
-15,-324,1146,Gesture
5,-389,1169,Gesture
-87,-273,1109,Gesture
-103,-207,1083,Gesture
-118,-180,1038,Gesture
-139,-194,1017,Gesture
-153,-221,1050,Gesture
-160,-212,1091,Gesture
-199,-218,1062,Gesture
-253,-162,947,Gesture
-325,-75,881,Gesture
-448,3,1059,Gesture
53,16,1382,Gesture
-271,30,1244,Gesture
-46,-161,1358,Gesture
89,-137,1416,Gesture
83,-150,1352,Gesture
113,-123,1242,Gesture
164,-86,1191,Gesture
261,-123,1413,Gesture
419,-210,1280,Gesture
435,-204,1250,Gesture
551,-264,1319,Gesture
474,-234,1317,Gesture
467,-215,1301,Gesture
2020,-678,1224,Gesture
2020,-770,1101,Gesture
2020,-1001,891,Gesture
2020,-1253,701,Gesture
1985,-1356,564,Gesture
1745,-1443,465,Gesture
1623,-1557,464,Gesture
1517,-1460,443,Gesture
1466,-1355,416,Gesture
1422,-1322,359,Gesture
1268,-1368,291,Gesture
1233,-1379,210,Gesture
-258,-519,849,Gesture
-253,-522,860,Gesture
-258,-549,878,Gesture
-271,-552,897,Gesture
-277,-558,902,Gesture
-285,-572,911,Gesture
-291,-593,912,Gesture
-291,-585,935,Gesture
-294,-581,956,Gesture
-289,-566,963,Gesture
-280,-548,974,Gesture
-276,-543,980,Gesture
-267,-552,983,Gesture
-261,-545,980,Gesture
-247,-555,978,Gesture
-241,-569,972,Gesture
-244,-572,968,Gesture
-244,-567,960,Gesture
-241,-552,951,Gesture
-235,-546,942,Gesture
-232,-545,941,Gesture
-238,-533,935,Gesture
-252,-527,929,Gesture
-256,-524,927,Gesture
-256,-497,927,Gesture
-259,-497,917,Gesture
-243,-498,906,Gesture
-241,-479,905,Gesture
-249,-482,911,Gesture
-264,-483,896,Gesture
-280,-485,882,Gesture
-301,-482,864,Gesture
-310,-480,843,Gesture
-313,-474,825,Gesture
-306,-468,818,Gesture
-301,-467,809,Gesture
-303,-459,804,Gesture
-295,-450,803,Gesture
-295,-443,819,Gesture
-315,-423,822,Gesture
-327,-426,821,Gesture
-363,-417,807,Gesture
-385,-423,795,Gesture
-396,-414,786,Gesture
-396,-419,779,Gesture
-393,-419,773,Gesture
-384,-420,786,Gesture
-385,-422,794,Gesture
-385,-425,801,Gesture
-387,-435,812,Gesture
-406,-452,837,Gesture
-406,-452,851,Gesture
-405,-450,855,Gesture
-411,-462,857,Gesture
-412,-462,845,Gesture
-412,-455,822,Gesture
-418,-458,813,Gesture
-412,-459,800,Gesture
-411,-483,801,Gesture
-408,-482,801,Gesture
-406,-474,803,Gesture
-408,-459,804,Gesture
-418,-450,801,Gesture
-417,-440,795,Gesture
-435,-428,795,Gesture
-439,-450,803,Gesture
-429,-455,821,Gesture
-433,-450,825,Gesture
-444,-471,822,Gesture
-454,-474,819,Gesture
-462,-479,816,Gesture
-478,-486,804,Gesture
-505,-506,801,Gesture
-537,-519,813,Gesture
-562,-549,818,Gesture
-579,-552,815,Gesture
-597,-545,801,Gesture
-636,-518,794,Gesture
-666,-497,783,Gesture
-679,-470,779,Gesture
-682,-458,794,Gesture
-684,-447,800,Gesture
-696,-464,791,Gesture
-700,-461,776,Gesture
-694,-456,779,Gesture
-673,-464,782,Gesture
-663,-447,783,Gesture
-652,-453,786,Gesture
-631,-453,783,Gesture
-615,-420,788,Gesture
-576,-390,792,Gesture
-537,-368,804,Gesture
-528,-354,807,Gesture
-496,-386,804,Gesture
-495,-401,791,Gesture
-474,-428,755,Gesture
-439,-419,725,Gesture
-426,-404,690,Gesture
-391,-387,675,Gesture
-370,-335,677,Gesture
-309,-261,722,Gesture
-264,-260,789,Gesture
-205,-282,852,Gesture
-129,-296,882,Gesture
-55,-278,896,Gesture
-37,-231,915,Gesture
12,-210,932,Gesture
53,-177,978,Gesture
71,-152,1004,Gesture
114,-131,1032,Gesture
144,-143,1052,Gesture
153,-126,1049,Gesture
153,-134,1029,Gesture
147,-134,1002,Gesture
114,-120,983,Gesture
93,-113,965,Gesture
87,-84,956,Gesture
90,-68,963,Gesture
113,-66,972,Gesture
113,-33,977,Gesture
108,-6,984,Gesture
126,-2,1014,Gesture
114,34,1055,Gesture
116,40,1089,Gesture
143,51,1125,Gesture
167,63,1148,Gesture
165,58,1154,Gesture
170,18,1139,Gesture
155,12,1124,Gesture
128,10,1094,Gesture
1616,279,1376,Gesture
1640,358,1458,Gesture
1616,543,1535,Gesture
1616,666,1544,Gesture
1488,858,1563,Gesture
1322,1050,1553,Gesture
1178,1231,1545,Gesture
995,1375,1532,Gesture
816,1447,1547,Gesture
611,1660,1559,Gesture
411,1818,1541,Gesture
294,1953,1559,Gesture
201,2045,1620,Gesture
147,2045,1658,Gesture
96,2045,1662,Gesture
63,2045,1698,Gesture
17,2045,1709,Gesture
-55,2045,1709,Gesture
-157,2045,1704,Gesture
-241,2045,1710,Gesture
-601,-276,882,Gesture
-592,-279,893,Gesture
-580,-263,858,Gesture
-579,-285,797,Gesture
-609,-291,738,Gesture
-679,-357,734,Gesture
-669,-363,761,Gesture
-646,-374,741,Gesture
-612,-446,698,Gesture
-615,-423,687,Gesture
-628,-426,671,Gesture
-636,-407,636,Gesture
-642,-402,629,Gesture
-621,-366,621,Gesture
-573,-470,576,Gesture
-577,-545,572,Gesture
-622,-516,606,Gesture
-643,-515,608,Gesture
-610,-434,587,Gesture
-615,-395,570,Gesture
-595,-372,555,Gesture
-550,-372,522,Gesture
-546,-366,504,Gesture
-546,-309,485,Gesture
-519,-261,482,Gesture
-493,-245,501,Gesture
-445,-231,554,Gesture
-393,-224,605,Gesture
-333,-180,668,Gesture
-289,-150,710,Gesture
-261,-179,771,Gesture
-223,-204,852,Gesture
-190,-240,924,Gesture
-183,-257,1020,Gesture
-169,-236,1080,Gesture
-172,-186,1119,Gesture
-217,-158,1124,Gesture
-258,-152,1119,Gesture
-288,-174,1121,Gesture
-300,-212,1125,Gesture
-288,-230,1121,Gesture
-252,-242,1109,Gesture
-186,-263,1139,Gesture
-126,-249,1167,Gesture
-121,-231,1167,Gesture
-129,-258,1139,Gesture
-151,-303,1098,Gesture
-163,-291,1055,Gesture
-171,-317,1002,Gesture
-154,-314,986,Gesture
-153,-308,1010,Gesture
-156,-285,1058,Gesture
-96,-276,1154,Gesture
-91,-204,1196,Gesture
-138,-227,1208,Gesture
-157,-270,1211,Gesture
-198,-282,1203,Gesture
-241,-293,1170,Gesture
-249,-281,1115,Gesture
-241,-281,1029,Gesture
-243,-275,942,Gesture
-235,-272,861,Gesture
-241,-276,792,Gesture
-244,-263,747,Gesture
-246,-257,744,Gesture
-267,-231,747,Gesture
-271,-215,750,Gesture
-234,-206,777,Gesture
-171,-188,839,Gesture
-130,-134,923,Gesture
-115,-135,1001,Gesture
-144,-155,1056,Gesture
-145,-173,1097,Gesture
-118,-191,1112,Gesture
-99,-186,1106,Gesture
-58,-182,1121,Gesture
-19,-191,1179,Gesture
-49,-141,1196,Gesture
-45,-78,1224,Gesture
-79,-105,1221,Gesture
-90,-129,1181,Gesture
-85,-110,1131,Gesture
-87,-123,1091,Gesture
-99,-135,1049,Gesture
-141,-147,999,Gesture
-198,-165,944,Gesture
-291,-186,900,Gesture
-354,-176,845,Gesture
-373,-177,812,Gesture
-367,-167,803,Gesture
-325,-153,804,Gesture
-280,-146,822,Gesture
-250,-128,861,Gesture
-250,-137,921,Gesture
-255,-158,1004,Gesture
-217,-227,1025,Gesture
-171,-270,1070,Gesture
-130,-267,1100,Gesture
-112,-312,1124,Gesture
-102,-348,1104,Gesture
-106,-369,1071,Gesture
-127,-363,1023,Gesture
-172,-371,956,Gesture
-181,-362,897,Gesture
-184,-384,879,Gesture
-177,-386,899,Gesture
-154,-378,929,Gesture
-166,-407,954,Gesture
-208,-401,968,Gesture
-231,-429,972,Gesture
-237,-471,989,Gesture
-210,-482,990,Gesture
-180,-474,981,Gesture
-150,-465,983,Gesture
-156,-446,977,Gesture
-207,-411,965,Gesture
-247,-335,948,Gesture
-267,-258,932,Gesture
-285,-182,914,Gesture
-286,-125,891,Gesture
-295,-54,899,Gesture
-301,-35,920,Gesture
321,250,776,Gesture
399,279,791,Gesture
500,274,803,Gesture
621,276,833,Gesture
711,336,834,Gesture
782,262,870,Gesture
806,198,897,Gesture
785,178,929,Gesture
759,120,972,Gesture
749,76,1005,Gesture
749,69,1062,Gesture
747,94,1124,Gesture
704,129,1155,Gesture
656,177,1173,Gesture
584,184,1169,Gesture
489,189,1134,Gesture
458,210,1065,Gesture
399,180,987,Gesture
348,111,906,Gesture
291,115,870,Gesture
282,150,837,Gesture
269,201,836,Gesture
296,211,860,Gesture
311,226,866,Gesture
267,147,852,Gesture
269,81,822,Gesture
255,81,783,Gesture
134,396,996,Gesture
56,564,1011,Gesture
33,448,963,Gesture
80,354,908,Gesture
104,331,879,Gesture
92,261,887,Gesture
104,216,878,Gesture
108,166,858,Gesture
129,88,879,Gesture
170,52,927,Gesture
195,9,1002,Gesture
236,-68,1062,Gesture
123,-5,1017,Gesture
146,-29,1008,Gesture
99,-26,986,Gesture
182,-306,1103,Gesture
84,-72,1011,Gesture
134,-249,1079,Gesture
101,-197,1055,Gesture
134,-242,1088,Gesture
131,-284,1091,Gesture
65,-201,1061,Gesture
72,-260,1058,Gesture
51,-311,1070,Gesture
20,-278,1052,Gesture
33,-348,1059,Gesture
36,-329,1050,Gesture
35,-300,1064,Gesture
29,-285,1070,Gesture
2,-243,1046,Gesture
-7,-276,1037,Gesture
-21,-269,1007,Gesture
-19,-291,987,Gesture
-39,-297,977,Gesture
-34,-270,962,Gesture
-12,-243,962,Gesture
3,-240,1001,Gesture
-15,-209,1044,Gesture
-43,-212,1010,Gesture
-48,-198,1038,Gesture
-42,-170,1022,Gesture
-78,-89,1046,Gesture
-153,-38,1068,Gesture
-172,-105,945,Gesture
-61,252,1125,Gesture
-109,-110,1202,Gesture
86,-33,1247,Gesture
87,-186,1326,Gesture
98,-174,1314,Gesture
33,-60,1214,Gesture
-12,40,1188,Gesture
-24,49,1152,Gesture
-51,55,1176,Gesture
0,48,1259,Gesture
-37,37,1380,Gesture
-16,112,1253,Gesture
62,145,1358,Gesture
-21,157,1368,Gesture
-49,237,1388,Gesture
-70,195,1404,Gesture
-91,246,1386,Gesture
-81,216,1374,Gesture
-63,184,1338,Gesture
-45,138,1299,Gesture
-42,103,1254,Gesture
-42,70,1208,Gesture
-19,43,1155,Gesture
0,-5,1094,Gesture
12,-23,1056,Gesture
36,-33,1028,Gesture
50,-39,1001,Gesture
63,-20,984,Gesture
68,-14,969,Gesture
89,-33,978,Gesture
132,-59,981,Gesture
162,-108,981,Gesture
162,-128,986,Gesture
182,-135,990,Gesture
174,-137,990,Gesture
152,-123,983,Gesture
146,-134,966,Gesture
126,-132,947,Gesture
135,-129,932,Gesture
125,-132,915,Gesture
98,-122,908,Gesture
78,-99,887,Gesture
66,-110,840,Gesture
35,-150,782,Gesture
23,-186,749,Gesture
15,-182,747,Gesture
30,-162,788,Gesture
29,-141,824,Gesture
-4,-116,845,Gesture
-6,-81,860,Gesture
-10,-75,876,Gesture
0,-53,903,Gesture
8,-59,920,Gesture
14,-66,918,Gesture
8,-63,929,Gesture
-1,-62,921,Gesture
8,-87,920,Gesture
9,-93,929,Gesture
9,-87,944,Gesture
15,-75,963,Gesture
6,-48,975,Gesture
-9,-26,965,Gesture
-25,-32,959,Gesture
-45,-48,939,Gesture
-30,-54,938,Gesture
-25,-71,941,Gesture
-30,-53,948,Gesture
-36,-30,957,Gesture
-37,7,953,Gesture
-64,16,938,Gesture
-79,-3,915,Gesture
-81,-17,915,Gesture
-75,-26,926,Gesture
-90,-6,938,Gesture
-88,39,953,Gesture
-91,61,959,Gesture
254,183,1011,Gesture
246,168,1023,Gesture
209,150,1035,Gesture
191,120,1052,Gesture
162,90,1064,Gesture
149,67,1070,Gesture
170,30,1073,Gesture
201,27,1067,Gesture
177,0,1079,Gesture
165,4,1094,Gesture
149,45,1110,Gesture
113,78,1125,Gesture
117,105,1140,Gesture
110,102,1125,Gesture
98,85,1119,Gesture
75,48,1121,Gesture
51,22,1112,Gesture
53,-36,1100,Gesture
47,-57,1085,Gesture
47,-111,1064,Gesture
24,-117,1044,Gesture
23,-72,1056,Gesture
17,-71,1073,Gesture
50,-48,1086,Gesture
102,-68,1100,Gesture
122,-131,1097,Gesture
149,-183,1079,Gesture
177,-275,1073,Gesture
180,-273,1061,Gesture
