185,-53,1002,Gesture
183,-54,1002,Gesture
180,-53,1005,Gesture
182,-50,1007,Gesture
176,-44,1004,Gesture
180,-53,1008,Gesture
177,-48,1005,Gesture
179,-54,1004,Gesture
183,-47,1002,Gesture
179,-45,1001,Gesture
179,-47,1007,Gesture
177,-42,999,Gesture
177,-41,1008,Gesture
180,-41,1010,Gesture
182,-48,1004,Gesture
180,-50,1008,Gesture
180,-56,1004,Gesture
180,-56,1007,Gesture
180,-57,1004,Gesture
182,-53,1005,Gesture
180,-53,1004,Gesture
180,-47,1001,Gesture
177,-42,1004,Gesture
185,-48,1005,Gesture
176,-53,1004,Gesture
183,-48,1007,Gesture
182,-54,1007,Gesture
183,-57,1004,Gesture
177,-54,1007,Gesture
182,-48,1004,Gesture
179,-42,1004,Gesture
182,-44,1010,Gesture
179,-39,1010,Gesture
186,-44,1004,Gesture
183,-45,1008,Gesture
180,-48,1005,Gesture
182,-56,1005,Gesture
176,-57,1007,Gesture
180,-50,1004,Gesture
182,-54,1002,Gesture
179,-44,1004,Gesture
182,-45,1007,Gesture
182,-42,1004,Gesture
182,-45,1007,Gesture
183,-48,1005,Gesture
182,-45,1002,Gesture
179,-47,1005,Gesture
182,-50,1005,Gesture
185,-47,1008,Gesture
179,-60,1002,Gesture
177,-54,1008,Gesture
180,-54,1007,Gesture
180,-59,1004,Gesture
179,-54,1001,Gesture
180,-42,1005,Gesture
179,-38,1008,Gesture
180,-45,1005,Gesture
185,-44,1008,Gesture
180,-45,1005,Gesture
182,-50,1004,Gesture
179,-57,1010,Gesture
183,-50,1005,Gesture
182,-54,1004,Gesture
174,-47,1005,Gesture
179,-50,1007,Gesture
183,-47,1005,Gesture
182,-45,1010,Gesture
180,-50,1005,Gesture
179,-50,1005,Gesture
182,-47,1007,Gesture
182,-53,1007,Gesture
185,-47,1007,Gesture
182,-45,1007,Gesture
180,-47,1010,Gesture
180,-50,1007,Gesture
180,-54,1007,Gesture
180,-56,1008,Gesture
177,-48,1001,Gesture
180,-54,1007,Gesture
183,-53,1007,Gesture
179,-50,1005,Gesture
182,-48,1005,Gesture
183,-50,1010,Gesture
180,-53,1005,Gesture
179,-53,1007,Gesture
183,-56,1007,Gesture
174,-50,1005,Gesture
183,-53,1008,Gesture
180,-59,1004,Gesture
182,-48,1005,Gesture
179,-45,1005,Gesture
182,-48,1007,Gesture
176,-50,1002,Gesture
179,-53,1007,Gesture
180,-48,1007,Gesture
179,-56,1007,Gesture
182,-53,1004,Gesture
179,-54,1005,Gesture
182,-48,1005,Gesture
177,-54,1005,Gesture
177,-48,1005,Gesture
182,-54,1005,Gesture
179,-47,1002,Gesture
179,-53,1002,Gesture
180,-50,1002,Gesture
174,-53,1005,Gesture
180,-59,1007,Gesture
182,-57,1008,Gesture
177,-56,1005,Gesture
189,-53,1005,Gesture
183,-47,1007,Gesture
180,-48,1007,Gesture
183,-53,1005,Gesture
179,-45,1005,Gesture
177,-41,1004,Gesture
179,-48,1005,Gesture
182,-56,1010,Gesture
180,-56,1005,Gesture
183,-59,1004,Gesture
183,-53,1004,Gesture
177,-48,1007,Gesture
182,-54,1002,Gesture
185,-53,1005,Gesture
480,-425,1044,Gesture
513,-437,1019,Gesture
522,-432,1011,Gesture
551,-416,998,Gesture
570,-423,965,Gesture
546,-383,993,Gesture
564,-302,1004,Gesture
581,-207,1007,Gesture
587,-164,1011,Gesture
603,-131,998,Gesture
621,-83,977,Gesture
641,-45,962,Gesture
665,-29,932,Gesture
665,-41,941,Gesture
683,-24,983,Gesture
713,24,998,Gesture
755,78,983,Gesture
774,109,954,Gesture
-145,-729,1152,Gesture
-204,-729,1155,Gesture
-298,-674,1185,Gesture
-330,-600,1202,Gesture
-291,-530,1181,Gesture
-280,-540,1172,Gesture
-295,-590,1172,Gesture
-313,-621,1152,Gesture
-328,-639,1160,Gesture
-324,-627,1173,Gesture
-321,-597,1176,Gesture
-337,-576,1191,Gesture
-339,-548,1196,Gesture
-352,-513,1193,Gesture
-360,-498,1170,Gesture
-354,-513,1151,Gesture
-337,-534,1133,Gesture
-324,-536,1103,Gesture
-316,-524,1071,Gesture
-331,-513,1064,Gesture
-331,-495,1076,Gesture
-327,-465,1065,Gesture
-322,-443,1047,Gesture
-327,-435,1043,Gesture
-319,-468,1031,Gesture
-309,-494,1046,Gesture
-297,-467,1059,Gesture
-291,-431,1076,Gesture
-289,-386,1070,Gesture
-288,-336,1046,Gesture
-301,-308,1017,Gesture
-322,-300,977,Gesture
-322,-302,939,Gesture
-304,-299,942,Gesture
-262,-267,944,Gesture
-243,-255,944,Gesture
-210,-263,960,Gesture
-172,-248,956,Gesture
-153,-209,941,Gesture
-138,-191,933,Gesture
-106,-270,918,Gesture
-64,-311,906,Gesture
-45,-299,900,Gesture
-6,-257,894,Gesture
32,-200,875,Gesture
78,-164,858,Gesture
113,-137,863,Gesture
134,-123,872,Gesture
162,-105,879,Gesture
201,-89,878,Gesture
239,-75,875,Gesture
276,-164,890,Gesture
350,-243,879,Gesture
393,-179,882,Gesture
417,-111,890,Gesture
431,-68,906,Gesture
441,-33,905,Gesture
431,-9,908,Gesture
428,-23,917,Gesture
464,-14,917,Gesture
491,-14,924,Gesture
494,-8,933,Gesture
462,-8,942,Gesture
438,-38,965,Gesture
455,-32,968,Gesture
461,-23,969,Gesture
447,-41,980,Gesture
444,-45,998,Gesture
441,-32,998,Gesture
435,9,980,Gesture
413,34,959,Gesture
395,27,941,Gesture
383,-9,936,Gesture
386,-47,948,Gesture
395,-60,954,Gesture
402,-45,953,Gesture
408,-35,935,Gesture
413,-38,932,Gesture
395,-33,941,Gesture
386,-35,951,Gesture
375,-18,962,Gesture
371,4,978,Gesture
387,16,974,Gesture
402,9,965,Gesture
416,-9,944,Gesture
393,-11,920,Gesture
351,-3,918,Gesture
336,-6,935,Gesture
351,10,933,Gesture
344,22,938,Gesture
335,28,936,Gesture
365,24,938,Gesture
375,24,972,Gesture
399,18,1046,Gesture
410,18,1082,Gesture
453,42,1038,Gesture
473,73,1008,Gesture
477,34,990,Gesture
489,82,935,Gesture
549,103,1043,Gesture
522,94,1056,Gesture
537,54,1019,Gesture
552,54,945,Gesture
545,18,894,Gesture
554,-2,861,Gesture
539,12,839,Gesture
467,60,884,Gesture
404,-32,942,Gesture
413,61,944,Gesture
470,60,957,Gesture
467,16,936,Gesture
432,45,905,Gesture
366,37,878,Gesture
291,-12,870,Gesture
255,-42,887,Gesture
266,-72,905,Gesture
284,-63,920,Gesture
290,-59,921,Gesture
287,-105,906,Gesture
275,-152,897,Gesture
248,-168,908,Gesture
528,-525,1041,Gesture
554,-554,998,Gesture
590,-572,908,Gesture
593,-579,852,Gesture
569,-534,876,Gesture
542,-501,870,Gesture
554,-456,944,Gesture
566,-378,969,Gesture
576,-369,935,Gesture
542,-359,941,Gesture
525,-296,912,Gesture
510,-275,845,Gesture
485,-275,828,Gesture
474,-282,816,Gesture
480,-297,863,Gesture
489,-272,945,Gesture
522,-252,959,Gesture
503,-219,951,Gesture
486,-203,918,Gesture
489,-209,894,Gesture
513,-221,927,Gesture
554,-249,924,Gesture
557,-294,956,Gesture
566,-309,962,Gesture
573,-302,947,Gesture
557,-302,947,Gesture
569,-318,926,Gesture
602,-360,914,Gesture
399,-155,966,Gesture
402,-152,959,Gesture
386,-173,936,Gesture
368,-191,927,Gesture
372,-173,918,Gesture
375,-143,896,Gesture
375,-134,893,Gesture
390,-123,921,Gesture
390,-83,942,Gesture
363,-78,944,Gesture
345,-99,941,Gesture
315,-96,936,Gesture
314,-72,939,Gesture
335,-39,960,Gesture
354,7,974,Gesture
348,34,978,Gesture
324,30,974,Gesture
318,19,951,Gesture
318,9,932,Gesture
321,13,921,Gesture
342,18,918,Gesture
383,10,921,Gesture
414,49,938,Gesture
464,82,963,Gesture
539,70,987,Gesture
585,52,989,Gesture
570,37,990,Gesture
527,114,1028,Gesture
555,99,1017,Gesture
561,76,1139,Gesture
534,90,1145,Gesture
512,103,1098,Gesture
491,84,1029,Gesture
473,67,942,Gesture
465,79,915,Gesture
482,30,921,Gesture
501,16,926,Gesture
512,81,948,Gesture
528,-9,959,Gesture
516,-24,924,Gesture
506,10,935,Gesture
431,-47,936,Gesture
356,-27,903,Gesture
321,21,872,Gesture
324,-24,887,Gesture
299,-48,927,Gesture
264,-48,963,Gesture
251,-71,1020,Gesture
255,-87,1047,Gesture
248,-78,1055,Gesture
233,-75,1028,Gesture
225,-96,966,Gesture
216,-126,914,Gesture
195,-222,843,Gesture
131,-321,836,Gesture
83,-360,861,Gesture
84,-365,885,Gesture
96,-366,908,Gesture
113,-360,917,Gesture
108,-359,914,Gesture
74,-365,915,Gesture
38,-375,935,Gesture
21,-392,968,Gesture
9,-354,969,Gesture
18,-356,966,Gesture
2,-411,972,Gesture
5,-432,969,Gesture
32,-444,1014,Gesture
42,-417,1055,Gesture
54,-366,1070,Gesture
72,-300,1073,Gesture
68,-312,1083,Gesture
59,-302,1062,Gesture
39,-234,1023,Gesture
17,-204,984,Gesture
14,-254,980,Gesture
41,-396,987,Gesture
66,-350,1001,Gesture
51,-272,1017,Gesture
32,-255,1019,Gesture
50,-239,1004,Gesture
63,-255,983,Gesture
56,-237,953,Gesture
41,-174,947,Gesture
38,-102,957,Gesture
48,-57,962,Gesture
87,-36,1040,Gesture
174,-59,1118,Gesture
287,-155,1194,Gesture
315,-96,1310,Gesture
330,9,1143,Gesture
345,-228,1259,Gesture
470,0,1310,Gesture
507,130,1257,Gesture
434,150,1215,Gesture
384,178,1163,Gesture
344,150,1077,Gesture
318,51,996,Gesture
348,-83,966,Gesture
398,-120,947,Gesture
414,-110,966,Gesture
425,-84,965,Gesture
419,-90,993,Gesture
414,24,975,Gesture
395,37,965,Gesture
381,12,959,Gesture
392,10,957,Gesture
399,33,980,Gesture
404,58,1011,Gesture
405,39,1025,Gesture
395,15,1047,Gesture
383,9,1056,Gesture
351,16,1040,Gesture
293,6,1037,Gesture
251,-6,1040,Gesture
239,-14,1037,Gesture
239,-432,1073,Gesture
249,-426,1067,Gesture
264,-407,1061,Gesture
287,-405,1041,Gesture
294,-389,1040,Gesture
285,-359,1055,Gesture
302,-371,1043,Gesture
306,-384,1047,Gesture
314,-371,1044,Gesture
324,-368,1032,Gesture
329,-353,1035,Gesture
318,-279,1047,Gesture
345,-231,1026,Gesture
354,-242,1020,Gesture
347,-230,1020,Gesture
354,-215,1011,Gesture
369,-231,1001,Gesture
368,-248,998,Gesture
381,-255,975,Gesture
398,-240,995,Gesture
404,-177,999,Gesture
404,-123,1020,Gesture
414,-101,1040,Gesture
411,-114,1040,Gesture
434,-107,1043,Gesture
441,-131,1019,Gesture
434,-144,1064,Gesture
438,-114,1104,Gesture
465,-86,1134,Gesture
473,-104,1133,Gesture
474,-123,1110,Gesture
501,-143,1061,Gesture
506,-177,1064,Gesture
516,-192,1077,Gesture
98,-764,782,Gesture
104,-759,783,Gesture
104,-756,786,Gesture
111,-749,782,Gesture
131,-740,780,Gesture
140,-735,786,Gesture
146,-732,786,Gesture
150,-723,788,Gesture
168,-722,792,Gesture
179,-716,795,Gesture
189,-708,789,Gesture
191,-699,791,Gesture
188,-681,782,Gesture
180,-666,780,Gesture
183,-656,776,Gesture
179,-630,777,Gesture
177,-618,779,Gesture
173,-615,780,Gesture
170,-609,783,Gesture
168,-611,786,Gesture
170,-612,783,Gesture
170,-608,780,Gesture
174,-612,779,Gesture
170,-614,782,Gesture
179,-618,791,Gesture
179,-618,792,Gesture
177,-614,798,Gesture
176,-602,795,Gesture
177,-597,795,Gesture
177,-596,789,Gesture
177,-596,788,Gesture
171,-590,788,Gesture
171,-587,791,Gesture
164,-591,791,Gesture
162,-591,788,Gesture
155,-591,782,Gesture
155,-593,776,Gesture
138,-588,765,Gesture
126,-585,759,Gesture
123,-588,758,Gesture
120,-590,761,Gesture
120,-588,756,Gesture
105,-584,755,Gesture
107,-579,752,Gesture
90,-572,746,Gesture
90,-569,740,Gesture
78,-572,740,Gesture
71,-581,740,Gesture
66,-579,740,Gesture
62,-585,738,Gesture
54,-588,738,Gesture
50,-591,732,Gesture
47,-593,729,Gesture
36,-588,726,Gesture
32,-591,726,Gesture
20,-590,729,Gesture
17,-597,738,Gesture
26,-612,744,Gesture
24,-615,747,Gesture
18,-614,749,Gesture
15,-621,749,Gesture
8,-635,749,Gesture
3,-641,747,Gesture
-4,-644,746,Gesture
-10,-635,752,Gesture
-10,-642,756,Gesture
-9,-647,761,Gesture
-19,-648,771,Gesture
-24,-651,774,Gesture
-21,-659,783,Gesture
-30,-665,788,Gesture
-30,-678,792,Gesture
-27,-689,795,Gesture
-21,-689,804,Gesture
-21,-683,800,Gesture
-19,-693,798,Gesture
-18,-690,803,Gesture
-15,-686,818,Gesture
-13,-666,834,Gesture
-19,-665,836,Gesture
-39,-654,836,Gesture
-64,-644,836,Gesture
-79,-650,837,Gesture
-87,-645,830,Gesture
-85,-647,821,Gesture
-96,-644,834,Gesture
-100,-638,848,Gesture
-111,-629,866,Gesture
-127,-617,878,Gesture
-144,-615,885,Gesture
-159,-621,881,Gesture
-163,-617,878,Gesture
-180,-620,870,Gesture
-193,-620,876,Gesture
-208,-590,887,Gesture
-216,-575,897,Gesture
-231,-563,893,Gesture
-244,-560,894,Gesture
-273,-563,882,Gesture
-285,-563,884,Gesture
-294,-560,884,Gesture
-295,-543,890,Gesture
-303,-528,902,Gesture
-306,-533,903,Gesture
-321,-528,894,Gesture
-342,-513,887,Gesture
-372,-498,878,Gesture
-393,-476,860,Gesture
-397,-455,857,Gesture
-405,-440,887,Gesture
-385,-446,923,Gesture
-382,-437,944,Gesture
-369,-408,947,Gesture
-372,-369,938,Gesture
-376,-354,926,Gesture
-372,-353,938,Gesture
-361,-393,941,Gesture
-351,-425,974,Gesture
-304,-443,1025,Gesture
-246,-452,1041,Gesture
-232,-413,1043,Gesture
-229,-383,1005,Gesture
-241,-357,968,Gesture
-232,-320,924,Gesture
-231,-317,878,Gesture
-234,-303,878,Gesture
-220,-285,906,Gesture
-180,-294,905,Gesture
-162,-273,912,Gesture
-154,-255,884,Gesture
-142,-239,866,Gesture
-117,-237,843,Gesture
-85,-254,836,Gesture
-40,-278,879,Gesture
56,-291,912,Gesture
288,265,1089,Gesture
297,264,1082,Gesture
318,264,1077,Gesture
326,262,1073,Gesture
338,265,1080,Gesture
332,277,1083,Gesture
338,286,1085,Gesture
365,291,1071,Gesture
380,289,1064,Gesture
378,297,1044,Gesture
371,294,1029,Gesture
371,282,1014,Gesture
386,277,1005,Gesture
386,282,999,Gesture
161,-194,1119,Gesture
158,-180,1113,Gesture
150,-188,1151,Gesture
153,-225,1170,Gesture
158,-234,1182,Gesture
143,-204,1158,Gesture
128,-146,1133,Gesture
122,-69,1113,Gesture
125,-8,1086,Gesture
102,25,1056,Gesture
84,67,1037,Gesture
78,55,1016,Gesture
110,42,1011,Gesture
164,64,1017,Gesture
233,108,1040,Gesture
293,106,1097,Gesture
372,48,1121,Gesture
438,-12,1115,Gesture
476,-29,1092,Gesture
510,-8,1082,Gesture
549,40,1025,Gesture
548,73,1008,Gesture
533,76,978,Gesture
525,88,960,Gesture
527,87,989,Gesture
564,78,1029,Gesture
600,66,1010,Gesture
606,37,947,Gesture
557,51,908,Gesture
533,55,881,Gesture
557,76,864,Gesture
588,90,861,Gesture
591,70,876,Gesture
618,45,897,Gesture
654,69,903,Gesture
648,102,884,Gesture
605,93,861,Gesture
564,85,857,Gesture
566,82,854,Gesture
585,88,845,Gesture
587,78,845,Gesture
569,28,828,Gesture
536,9,801,Gesture
500,0,813,Gesture
495,12,839,Gesture
518,39,860,Gesture
522,39,884,Gesture
518,25,897,Gesture
495,1,882,Gesture
464,-23,872,Gesture
435,-41,894,Gesture
438,-39,917,Gesture
458,-20,938,Gesture
462,-6,939,Gesture
458,-9,926,Gesture
449,-21,911,Gesture
441,-39,912,Gesture
426,-38,917,Gesture
416,-35,933,Gesture
402,-39,932,Gesture
387,-23,933,Gesture
383,-29,951,Gesture
375,-57,953,Gesture
383,-56,948,Gesture
380,-56,959,Gesture
366,-59,972,Gesture
371,-56,984,Gesture
360,-41,990,Gesture
368,-44,981,Gesture
359,-53,987,Gesture
407,-50,1028,Gesture
428,-6,1055,Gesture
405,36,1091,Gesture
404,61,1124,Gesture
413,94,1154,Gesture
380,94,1067,Gesture
384,7,1047,Gesture
434,-75,1124,Gesture
494,-45,1173,Gesture
500,-24,1197,Gesture
515,30,1218,Gesture
524,34,1242,Gesture
516,12,1272,Gesture
501,-42,1299,Gesture
519,-80,1358,Gesture
540,-132,1370,Gesture
567,0,1388,Gesture
572,25,1386,Gesture
575,-27,1404,Gesture
584,-77,1425,Gesture
576,-44,1433,Gesture
567,-14,1431,Gesture
570,-17,1424,Gesture
567,-8,1383,Gesture
548,9,1329,Gesture
513,-3,1307,Gesture
498,-32,1263,Gesture
497,-53,1202,Gesture
461,-66,1151,Gesture
429,-80,1107,Gesture
425,-68,1073,Gesture
402,-68,1032,Gesture
383,-84,1001,Gesture
353,-104,962,Gesture
317,-89,936,Gesture
284,-71,912,Gesture
270,-71,882,Gesture
266,-74,852,Gesture
239,-57,803,Gesture
206,-27,770,Gesture
167,-18,734,Gesture
129,-15,728,Gesture
99,-2,710,Gesture
68,27,698,Gesture
32,60,689,Gesture
-1,78,678,Gesture
-28,76,686,Gesture
-39,67,678,Gesture
-60,70,663,Gesture
-79,70,669,Gesture
-79,63,684,Gesture
-87,70,705,Gesture
-84,76,720,Gesture
-81,90,717,Gesture
-87,94,725,Gesture
-82,117,726,Gesture
-81,129,726,Gesture
-100,121,740,Gesture
-117,93,773,Gesture
-111,73,807,Gesture
-103,55,836,Gesture
144,543,974,Gesture
120,553,963,Gesture
107,555,965,Gesture
129,553,956,Gesture
183,535,924,Gesture
179,549,936,Gesture
159,529,963,Gesture
186,538,954,Gesture
201,544,941,Gesture
210,561,939,Gesture
228,585,945,Gesture
260,604,956,Gesture
296,609,960,Gesture
336,607,966,Gesture
371,592,969,Gesture
368,595,974,Gesture
357,606,989,Gesture
390,600,987,Gesture
438,576,968,Gesture
755,156,1064,Gesture
720,186,1047,Gesture
714,202,1044,Gesture
716,207,1035,Gesture
705,201,1014,Gesture
671,204,986,Gesture
605,192,984,Gesture
554,195,974,Gesture
549,183,948,Gesture
561,163,908,Gesture
578,129,870,Gesture
573,123,840,Gesture
548,108,813,Gesture
522,93,803,Gesture
498,96,809,Gesture
498,120,794,Gesture
504,106,770,Gesture
504,103,761,Gesture
486,108,773,Gesture
473,148,852,Gesture
503,160,942,Gesture
557,105,947,Gesture
545,-12,917,Gesture
447,10,788,Gesture
431,-102,720,Gesture
506,-41,1011,Gesture
606,183,1287,Gesture
666,271,1412,Gesture
638,246,1466,Gesture
585,232,1449,Gesture
506,172,1331,Gesture
419,157,1229,Gesture
389,163,1169,Gesture
435,171,1184,Gesture
461,124,1214,Gesture
506,-48,1307,Gesture
512,61,1290,Gesture
498,69,1271,Gesture
486,63,1287,Gesture
480,70,1313,Gesture
479,70,1322,Gesture
464,85,1346,Gesture
476,97,1338,Gesture
489,85,1310,Gesture
486,96,1269,Gesture
452,82,1233,Gesture
447,70,1185,Gesture
458,67,1133,Gesture
450,60,1092,Gesture
446,42,1076,Gesture
438,30,1064,Gesture
422,37,1035,Gesture
404,27,1011,Gesture
392,9,972,Gesture
359,7,938,Gesture
320,-8,906,Gesture
296,-44,887,Gesture
285,-57,861,Gesture
270,-45,830,Gesture
233,-26,815,Gesture
219,-30,818,Gesture
212,-47,821,Gesture
209,-41,818,Gesture
198,10,791,Gesture
174,48,779,Gesture
152,85,783,Gesture
140,111,792,Gesture
132,115,782,Gesture
135,94,750,Gesture
113,94,720,Gesture
84,102,711,Gesture
63,105,726,Gesture
48,114,753,Gesture
41,120,774,Gesture
39,145,768,Gesture
23,169,747,Gesture
12,172,749,Gesture
-10,156,758,Gesture
-39,139,791,Gesture
-40,130,818,Gesture
-37,136,840,Gesture
-39,171,837,Gesture
-40,189,834,Gesture
-31,199,845,Gesture
-33,202,864,Gesture
-37,199,896,Gesture
-34,186,918,Gesture
-30,193,917,Gesture
-27,216,893,Gesture
-31,211,884,Gesture
-33,175,917,Gesture
-40,177,923,Gesture
-25,192,921,Gesture
-21,202,906,Gesture
-30,247,855,Gesture
-55,291,858,Gesture
-60,274,932,Gesture
-52,238,962,Gesture
-40,208,978,Gesture
-36,225,959,Gesture
-45,273,944,Gesture
-49,282,926,Gesture
-61,280,951,Gesture
-57,262,978,Gesture
-45,262,984,Gesture
-36,271,986,Gesture
-28,282,978,Gesture
-24,283,972,Gesture
-34,282,974,Gesture
-40,253,986,Gesture
-33,234,996,Gesture
-28,226,1004,Gesture
-21,243,1008,Gesture
-28,273,995,Gesture
-36,297,984,Gesture
-33,267,995,Gesture
-24,216,1002,Gesture
-24,192,1005,Gesture
-31,183,1001,Gesture
-37,183,986,Gesture
-42,190,986,Gesture
-34,195,978,Gesture
147,550,929,Gesture
140,552,926,Gesture
134,549,918,Gesture
125,526,921,Gesture
146,514,935,Gesture
191,511,923,Gesture
230,513,905,Gesture
246,568,884,Gesture
240,594,878,Gesture
243,606,869,Gesture
239,609,863,Gesture
227,594,864,Gesture
245,568,882,Gesture
291,556,873,Gesture
327,544,858,Gesture
323,544,864,Gesture
333,544,870,Gesture
344,555,879,Gesture
362,541,894,Gesture
401,523,899,Gesture
449,505,891,Gesture
467,502,903,Gesture
455,520,927,Gesture
465,520,936,Gesture
498,489,947,Gesture
527,466,951,Gesture
548,445,963,Gesture
143,3,1032,Gesture
155,36,1029,Gesture
168,-53,1020,Gesture
195,-104,977,Gesture
224,-83,911,Gesture
251,-36,842,Gesture
288,-32,803,Gesture
311,-65,824,Gesture
341,-50,885,Gesture
371,-44,969,Gesture
446,-90,1059,Gesture
540,-54,1061,Gesture
585,22,1022,Gesture
579,52,977,Gesture
582,49,918,Gesture
570,48,885,Gesture
545,18,860,Gesture
548,-3,842,Gesture
534,-17,845,Gesture
546,-29,860,Gesture
546,-44,881,Gesture
524,-56,878,Gesture
494,-60,893,Gesture
476,-89,899,Gesture
491,-96,891,Gesture
497,-63,915,Gesture
506,-90,915,Gesture
510,-117,903,Gesture
489,-131,911,Gesture
464,-135,917,Gesture
437,-104,941,Gesture
423,-96,932,Gesture
402,-86,924,Gesture
366,-77,917,Gesture
341,-63,924,Gesture
341,-77,939,Gesture
330,-81,927,Gesture
324,-107,900,Gesture
303,-98,869,Gesture
285,-72,834,Gesture
260,-53,815,Gesture
233,-62,813,Gesture
243,-69,828,Gesture
243,-68,825,Gesture
249,-71,839,Gesture
270,-78,825,Gesture
272,-54,789,Gesture
252,-59,804,Gesture
252,-30,960,Gesture
491,-72,2014,Gesture
761,-510,2014,Gesture
143,-182,1118,Gesture
24,88,710,Gesture
216,84,942,Gesture
248,33,1086,Gesture
188,-105,1061,Gesture
150,-54,989,Gesture
143,-33,966,Gesture
185,-72,975,Gesture
183,-90,1025,Gesture
195,-69,1058,Gesture
191,-41,1011,Gesture
194,-20,996,Gesture
212,-56,1025,Gesture
218,-120,1023,Gesture
206,-131,977,Gesture
215,-110,993,Gesture
221,-111,995,Gesture
206,-96,986,Gesture
201,-90,1007,Gesture
203,-101,1010,Gesture
194,-111,1001,Gesture
189,-120,1001,Gesture
189,-117,998,Gesture
194,-110,1001,Gesture
206,-110,999,Gesture
197,-101,995,Gesture
201,-83,996,Gesture
210,-77,1002,Gesture
200,-80,998,Gesture
197,-86,1004,Gesture
194,-87,1002,Gesture
197,-92,1007,Gesture
201,-98,995,Gesture
197,-102,1001,Gesture
198,-95,999,Gesture
197,-101,998,Gesture
192,-101,999,Gesture
191,-104,1002,Gesture
192,-102,1004,Gesture
192,-108,999,Gesture
186,-110,998,Gesture
182,-107,995,Gesture
177,-114,1004,Gesture
179,-116,1002,Gesture
173,-108,1005,Gesture
174,-107,1004,Gesture
183,-114,1001,Gesture
177,-111,996,Gesture
177,-110,1001,Gesture
177,-122,999,Gesture
176,-122,1002,Gesture
177,-113,999,Gesture
180,-122,998,Gesture
179,-125,999,Gesture
186,-122,996,Gesture
182,-119,995,Gesture
182,-113,995,Gesture
177,-114,999,Gesture
180,-117,999,Gesture
180,-111,1002,Gesture
72,-9,1002,Gesture
125,-5,993,Gesture
180,-18,978,Gesture
219,-3,974,Gesture
230,18,956,Gesture
225,58,944,Gesture
209,87,954,Gesture
228,79,965,Gesture
242,58,972,Gesture
252,52,993,Gesture
294,75,989,Gesture
339,79,941,Gesture
357,61,885,Gesture
336,52,842,Gesture
318,67,831,Gesture
296,123,833,Gesture
324,162,837,Gesture
384,150,825,Gesture
431,106,833,Gesture
447,90,866,Gesture
429,117,908,Gesture
414,148,933,Gesture
435,165,944,Gesture
489,183,968,Gesture
534,207,974,Gesture
533,208,1014,Gesture
509,219,1014,Gesture
477,190,980,Gesture
438,163,963,Gesture
429,154,972,Gesture
420,150,966,Gesture
398,171,1008,Gesture
378,162,1035,Gesture
360,118,1004,Gesture
320,82,1038,Gesture
303,82,1046,Gesture
314,117,1052,Gesture
362,129,938,Gesture
408,142,938,Gesture
54,-159,932,Gesture
65,-162,929,Gesture
77,-140,956,Gesture
72,-111,977,Gesture
77,-126,989,Gesture
93,-161,983,Gesture
107,-180,975,Gesture
129,-191,974,Gesture
144,-174,968,Gesture
146,-128,975,Gesture
152,-102,990,Gesture
159,-113,1035,Gesture
195,-153,1062,Gesture
227,-189,1044,Gesture
230,-174,1025,Gesture
222,-146,1002,Gesture
222,-113,1005,Gesture
233,-96,996,Gesture
233,-107,996,Gesture
239,-122,1008,Gesture
243,-131,1016,Gesture
249,-120,1020,Gesture
245,-89,1020,Gesture
237,-77,1026,Gesture
233,-60,1028,Gesture
231,-62,1022,Gesture
221,-71,1017,Gesture
212,-104,1020,Gesture
236,-93,1035,Gesture
255,-56,1064,Gesture
243,-9,1089,Gesture
227,-35,1104,Gesture
224,-38,1098,Gesture
210,-33,1094,Gesture
197,-65,1092,Gesture
185,-63,1083,Gesture
177,-57,1061,Gesture
164,-68,1050,Gesture
159,-71,1041,Gesture
150,-74,1032,Gesture
140,-75,1016,Gesture
135,-89,1008,Gesture
147,-87,1011,Gesture
162,-72,1025,Gesture
176,-66,1043,Gesture
182,-74,1046,Gesture
195,-99,1044,Gesture
191,-123,1026,Gesture
195,-113,1007,Gesture
204,-104,986,Gesture
215,-110,972,Gesture
225,-107,974,Gesture
225,-84,993,Gesture
228,-72,986,Gesture
222,-60,995,Gesture
216,-33,1002,Gesture
224,-30,1001,Gesture
234,-36,999,Gesture
240,-39,998,Gesture
242,-23,1001,Gesture
248,-11,989,Gesture
236,-8,984,Gesture
225,-17,984,Gesture
228,-38,993,Gesture
237,-27,998,Gesture
239,-24,1002,Gesture
246,-32,998,Gesture
246,-35,980,Gesture
240,-26,980,Gesture
219,-36,983,Gesture
218,-59,987,Gesture
215,-62,1002,Gesture
227,-74,999,Gesture
227,-74,1005,Gesture
242,-72,1001,Gesture
251,-63,989,Gesture
242,-57,977,Gesture
230,-59,978,Gesture
213,-56,974,Gesture
209,-62,978,Gesture
213,-60,980,Gesture
234,-59,989,Gesture
258,-53,999,Gesture
279,-35,1004,Gesture
270,-23,1002,Gesture
242,-30,995,Gesture
204,-24,984,Gesture
176,-36,993,Gesture
177,-41,987,Gesture
206,-56,989,Gesture
231,-59,1004,Gesture
251,-42,1010,Gesture
257,-14,1002,Gesture
231,-14,998,Gesture
225,-15,983,Gesture
233,-17,972,Gesture
240,-41,977,Gesture
266,-56,978,Gesture
279,-59,990,Gesture
284,-48,983,Gesture
260,-44,974,Gesture
224,-21,962,Gesture
209,0,944,Gesture
210,1,927,Gesture
233,-17,966,Gesture
275,-42,1005,Gesture
324,-12,1089,Gesture
332,73,1179,Gesture
285,54,1067,Gesture
272,-30,1118,Gesture
356,-65,1124,Gesture
399,-44,1089,Gesture
413,-27,1085,Gesture
465,-48,1070,Gesture
515,-59,1044,Gesture
543,-84,1025,Gesture
587,-87,1071,Gesture
669,-113,1143,Gesture
732,-23,1173,Gesture
761,-74,1182,Gesture
741,-84,1185,Gesture
737,-57,1196,Gesture
738,-57,1212,Gesture
768,-29,1230,Gesture
791,-5,1205,Gesture
795,-26,1152,Gesture
791,-23,1092,Gesture
783,-20,1041,Gesture
759,-32,996,Gesture
737,-47,965,Gesture
708,-41,951,Gesture
-355,-9,1070,Gesture
-364,40,1059,Gesture
-354,12,1106,Gesture
-312,-50,1091,Gesture
-303,-39,1065,Gesture
-319,-8,1043,Gesture
-321,1,1022,Gesture
-312,21,1008,Gesture
-303,31,1019,Gesture
-285,4,1007,Gesture
-267,-5,1019,Gesture
-240,-68,1088,Gesture
-178,-137,1080,Gesture
-165,-89,1052,Gesture
-199,-14,1047,Gesture
-214,28,1022,Gesture
-219,57,1028,Gesture
-195,54,1044,Gesture
-174,37,1005,Gesture
177,-131,993,Gesture
170,-126,983,Gesture
176,-108,977,Gesture
188,-119,984,Gesture
203,-129,990,Gesture
210,-98,995,Gesture
191,-89,990,Gesture
162,-98,996,Gesture
168,-84,995,Gesture
189,-84,996,Gesture
201,-81,990,Gesture
206,-87,993,Gesture
197,-50,990,Gesture
183,-38,1002,Gesture
189,-32,1011,Gesture
215,-77,1037,Gesture
258,-116,1047,Gesture
281,-167,1068,Gesture
267,-119,1070,Gesture
242,-21,1065,Gesture
227,6,1058,Gesture
237,-9,1049,Gesture
231,-30,1022,Gesture
219,-35,990,Gesture
207,-35,962,Gesture
215,-45,966,Gesture
246,-50,975,Gesture
261,-11,1022,Gesture
290,13,1076,Gesture
327,52,1143,Gesture
213,75,1073,Gesture
236,-9,1041,Gesture
275,-24,1191,Gesture
377,-15,1167,Gesture
375,-45,1148,Gesture
362,39,1118,Gesture
363,31,1050,Gesture
360,24,981,Gesture
413,-9,993,Gesture
531,-78,1068,Gesture
612,-150,1113,Gesture
632,-96,1181,Gesture
623,-102,1197,Gesture
627,-101,1214,Gesture
648,-123,1223,Gesture
663,-123,1202,Gesture
657,-144,1164,Gesture
633,-119,1122,Gesture
614,-98,1107,Gesture
609,-90,1070,Gesture
587,-75,1031,Gesture
552,-77,1007,Gesture
515,-93,986,Gesture
486,-105,975,Gesture
461,-144,968,Gesture
431,-131,939,Gesture
371,-83,914,Gesture
293,-44,885,Gesture
216,-48,884,Gesture
171,-68,839,Gesture
105,-77,815,Gesture
33,-96,789,Gesture
-40,-96,780,Gesture
-82,-114,804,Gesture
-118,-156,804,Gesture
-153,-150,825,Gesture
-180,-141,852,Gesture
-226,-116,836,Gesture
-280,-108,831,Gesture
-321,-122,851,Gesture
-325,-167,849,Gesture
-330,-180,821,Gesture
-346,-173,819,Gesture
-345,-155,821,Gesture
-355,-144,824,Gesture
-366,-128,842,Gesture
-361,-155,855,Gesture
-379,-173,837,Gesture
-402,-188,852,Gesture
-405,-207,842,Gesture
-387,-216,861,Gesture
-355,-237,893,Gesture
-345,-222,914,Gesture
-345,-191,921,Gesture
-361,-147,935,Gesture
-358,-131,957,Gesture
-354,-129,968,Gesture
-349,-138,984,Gesture
-333,-171,989,Gesture
-327,-171,996,Gesture
-327,-170,1008,Gesture
-322,-165,1016,Gesture
-312,-153,1035,Gesture
-301,-129,1055,Gesture
-285,-120,1047,Gesture
-277,-113,1049,Gesture
-273,-131,1052,Gesture
-262,-128,1043,Gesture
-262,-107,1040,Gesture
-253,-105,1040,Gesture
-235,-107,1044,Gesture
-235,-96,1038,Gesture
-231,-90,1038,Gesture
-231,-86,1031,Gesture
-226,-83,1035,Gesture
-219,-101,1037,Gesture
-210,-120,1026,Gesture
-207,-126,1023,Gesture
-208,-113,1016,Gesture
-214,-87,1016,Gesture
-214,-66,1004,Gesture
-216,-45,1002,Gesture
-205,-38,1002,Gesture
-201,-48,1001,Gesture
-198,-65,995,Gesture
-181,-68,996,Gesture
-256,-36,1098,Gesture
-199,-42,1086,Gesture
-169,-36,1094,Gesture
-144,-38,1082,Gesture
-118,-63,1085,Gesture
-49,-81,1086,Gesture
45,-45,1062,Gesture
122,9,1025,Gesture
173,28,1019,Gesture
206,39,996,Gesture
207,28,984,Gesture
213,37,972,Gesture
255,84,954,Gesture
338,145,921,Gesture
380,166,918,Gesture
410,160,890,Gesture
383,123,857,Gesture
336,112,849,Gesture
384,136,810,Gesture
479,154,773,Gesture
536,133,770,Gesture
548,154,776,Gesture
495,172,813,Gesture
449,186,815,Gesture
437,181,821,Gesture
464,193,822,Gesture
494,202,807,Gesture
513,262,792,Gesture
480,334,767,Gesture
428,364,786,Gesture
416,396,789,Gesture
438,352,830,Gesture
530,261,869,Gesture
266,72,1262,Gesture
296,141,1409,Gesture
179,36,1092,Gesture
240,55,1238,Gesture
290,69,1322,Gesture
342,60,1256,Gesture
279,90,1236,Gesture
228,85,1182,Gesture
188,37,1125,Gesture
144,69,1079,Gesture
134,93,1056,Gesture
159,121,1076,Gesture
198,139,1086,Gesture
201,130,1124,Gesture
200,88,1119,Gesture
185,72,1122,Gesture
167,34,1122,Gesture
164,18,1128,Gesture
170,40,1124,Gesture
162,78,1119,Gesture
161,96,1113,Gesture
156,102,1098,Gesture
126,103,1083,Gesture
114,88,1073,Gesture
116,64,1050,Gesture
113,31,1025,Gesture
96,0,1004,Gesture
84,-26,975,Gesture
74,-92,942,Gesture
78,-158,914,Gesture
78,-171,882,Gesture
62,-158,861,Gesture
48,-159,851,Gesture
42,-167,836,Gesture
42,-182,815,Gesture
48,-192,816,Gesture
74,-188,839,Gesture
107,-180,857,Gesture
134,-183,873,Gesture
158,-203,881,Gesture
176,-227,860,Gesture
195,-237,873,Gesture
218,-231,890,Gesture
242,-230,905,Gesture
261,-239,914,Gesture
281,-240,912,Gesture
293,-248,914,Gesture
290,-237,929,Gesture
303,-225,945,Gesture
312,-201,948,Gesture
315,-182,960,Gesture
308,-155,956,Gesture
291,-150,938,Gesture
278,-140,918,Gesture
255,-138,914,Gesture
252,-144,923,Gesture
261,-140,933,Gesture
269,-161,929,Gesture
266,-185,915,Gesture
248,-191,908,Gesture
219,-188,906,Gesture
201,-189,914,Gesture
197,-186,917,Gesture
201,-183,914,Gesture
210,-170,908,Gesture
207,-158,921,Gesture
195,-155,932,Gesture
180,-156,939,Gesture
180,-155,948,Gesture
185,-159,953,Gesture
191,-137,953,Gesture
188,-125,954,Gesture
185,-113,954,Gesture
177,-105,956,Gesture
174,-101,966,Gesture
168,-98,977,Gesture
180,-92,986,Gesture
186,-90,987,Gesture
188,-89,993,Gesture
189,-77,995,Gesture
182,-77,998,Gesture
179,-72,1001,Gesture
171,-68,998,Gesture
174,-74,998,Gesture
179,-81,993,Gesture
182,-80,999,Gesture
179,-80,1001,Gesture
177,-83,1002,Gesture
170,-89,999,Gesture
185,-95,1002,Gesture
186,-96,1001,Gesture
185,-96,1001,Gesture
185,-95,1004,Gesture
189,-95,1002,Gesture
191,-93,1002,Gesture
198,-93,995,Gesture
195,-87,995,Gesture
203,-84,987,Gesture
198,-81,995,Gesture
189,-89,1002,Gesture
188,-86,1014,Gesture
192,-89,1005,Gesture
201,-89,1002,Gesture
204,-77,1002,Gesture
198,-72,998,Gesture
194,-74,1002,Gesture
189,-81,999,Gesture
203,-80,995,Gesture
200,-71,999,Gesture
195,-71,999,Gesture
192,-74,996,Gesture
194,-77,998,Gesture
189,-81,996,Gesture
192,-78,993,Gesture
191,-80,990,Gesture
192,-78,993,Gesture
183,-74,996,Gesture
177,-81,1004,Gesture
183,-78,1002,Gesture
186,-78,1002,Gesture
194,-71,1002,Gesture
188,-68,998,Gesture
188,-65,996,Gesture
191,-69,999,Gesture
186,-77,1001,Gesture
183,-78,995,Gesture
182,-81,996,Gesture
186,-81,993,Gesture
186,-75,990,Gesture
186,-75,998,Gesture
188,-78,1001,Gesture
185,-77,1004,Gesture
189,-71,1005,Gesture
284,-50,1085,Gesture
285,-50,1098,Gesture
287,-29,1106,Gesture
264,-12,1109,Gesture
239,-30,1122,Gesture
212,-68,1124,Gesture
194,-92,1139,Gesture
173,-101,1134,Gesture
150,-98,1145,Gesture
120,-114,1143,Gesture
99,-114,1143,Gesture
101,-128,1140,Gesture
95,-119,1110,Gesture
77,-122,1110,Gesture
45,-134,1106,Gesture
26,-119,1104,Gesture
702,-35,956,Gesture
692,-5,954,Gesture
657,6,956,Gesture
596,4,956,Gesture
560,-12,944,Gesture
554,-30,935,Gesture
542,-29,923,Gesture
539,-26,924,Gesture
543,-5,921,Gesture
546,0,938,Gesture
552,-12,944,Gesture
548,7,945,Gesture
530,9,939,Gesture
519,9,959,Gesture
495,-3,984,Gesture
509,-90,945,Gesture
507,-41,993,Gesture
513,16,1076,Gesture
530,18,1119,Gesture
524,-5,1184,Gesture
542,-27,1200,Gesture
545,4,1197,Gesture
513,43,1179,Gesture
476,52,1143,Gesture
414,136,1065,Gesture
381,181,1088,Gesture
345,139,1077,Gesture
365,-165,1119,Gesture
413,-152,1151,Gesture
431,-20,1160,Gesture
420,10,1118,Gesture
396,-65,1047,Gesture
399,-141,981,Gesture
419,-147,908,Gesture
393,-143,858,Gesture
359,-165,828,Gesture
351,-183,807,Gesture
368,-150,795,Gesture
395,-129,758,Gesture
401,-99,707,Gesture
374,-53,641,Gesture
342,-26,614,Gesture
315,12,623,Gesture
297,22,636,Gesture
290,42,644,Gesture
285,-5,686,Gesture
302,-54,699,Gesture
296,-59,650,Gesture
264,-95,648,Gesture
251,-60,674,Gesture
239,31,668,Gesture
255,88,650,Gesture
269,138,540,Gesture
269,234,477,Gesture
444,280,1169,Gesture
623,363,1376,Gesture
660,363,1358,Gesture
479,246,1395,Gesture
411,114,1356,Gesture
372,114,1253,Gesture
339,135,1224,Gesture
357,124,1226,Gesture
387,142,1275,Gesture
414,232,1296,Gesture
438,169,1346,Gesture
441,156,1358,Gesture
446,135,1368,Gesture
425,195,1361,Gesture
395,166,1371,Gesture
390,123,1355,Gesture
404,109,1320,Gesture
398,97,1286,Gesture
392,87,1256,Gesture
384,64,1238,Gesture
378,37,1209,Gesture
389,16,1152,Gesture
383,16,1094,Gesture
383,13,1043,Gesture
396,6,1002,Gesture
389,1,975,Gesture
365,-5,954,Gesture
344,-11,936,Gesture
323,-9,893,Gesture
311,-20,863,Gesture
308,-26,834,Gesture
290,-36,810,Gesture
264,-66,794,Gesture
249,-98,774,Gesture
236,-104,762,Gesture
222,-95,768,Gesture
213,-74,771,Gesture
210,-45,770,Gesture
192,-32,762,Gesture
182,-20,774,Gesture
176,-27,786,Gesture
170,-33,794,Gesture
167,-32,800,Gesture
164,-21,824,Gesture
168,-3,824,Gesture
159,22,816,Gesture
149,37,813,Gesture
141,43,812,Gesture
131,43,833,Gesture
125,49,854,Gesture
128,58,872,Gesture
119,72,884,Gesture
113,82,896,Gesture
114,76,902,Gesture
113,66,902,Gesture
119,48,900,Gesture
117,39,903,Gesture
108,43,908,Gesture
102,54,920,Gesture
95,55,939,Gesture
99,51,953,Gesture
102,36,966,Gesture
104,34,975,Gesture
108,49,975,Gesture
111,54,969,Gesture
101,54,980,Gesture
98,52,996,Gesture
101,48,1001,Gesture
99,45,1014,Gesture
99,40,1010,Gesture
104,52,1001,Gesture
107,58,995,Gesture
102,64,1005,Gesture
90,55,1008,Gesture
89,55,1010,Gesture
393,196,942,Gesture
398,190,945,Gesture
399,177,942,Gesture
386,169,956,Gesture
369,150,975,Gesture
387,147,980,Gesture
425,154,972,Gesture
465,132,966,Gesture
485,108,966,Gesture
483,105,980,Gesture
483,93,983,Gesture
485,82,989,Gesture
477,63,989,Gesture
483,52,984,Gesture
474,64,980,Gesture
476,49,975,Gesture
489,31,972,Gesture
482,24,983,Gesture
468,1,1002,Gesture
467,-23,1014,Gesture
458,-24,1035,Gesture
488,-96,947,Gesture
485,-128,923,Gesture
477,-161,912,Gesture
461,-177,935,Gesture
459,-155,959,Gesture
440,-137,980,Gesture
419,-129,989,Gesture
401,-123,1011,Gesture
395,-144,1028,Gesture
392,-155,1028,Gesture
380,-123,1028,Gesture
359,-108,1023,Gesture
335,-125,1014,Gesture
324,-131,1007,Gesture
323,-116,1004,Gesture
320,-113,983,Gesture
308,-96,978,Gesture
299,-90,990,Gesture
285,-89,1001,Gesture
287,-72,1011,Gesture
285,-50,1017,Gesture
278,-41,1005,Gesture
269,-62,990,Gesture
282,-74,999,Gesture
287,-68,1007,Gesture
284,-86,1010,Gesture
284,-86,1001,Gesture
278,-77,1002,Gesture
266,-83,995,Gesture
261,-81,980,Gesture
257,-86,972,Gesture
264,-84,975,Gesture
260,-89,983,Gesture
245,-96,995,Gesture
230,-93,995,Gesture
218,-98,987,Gesture
209,-111,977,Gesture
212,-117,977,Gesture
210,-123,974,Gesture
210,-107,977,Gesture
209,-92,977,Gesture
206,-89,984,Gesture
209,-80,989,Gesture
210,-80,986,Gesture
215,-81,995,Gesture
225,-90,987,Gesture
237,-92,995,Gesture
239,-95,1020,Gesture
288,-108,1130,Gesture
273,-96,1085,Gesture
338,-47,1140,Gesture
344,-63,1190,Gesture
368,-53,1164,Gesture
351,-72,1172,Gesture
333,-75,1160,Gesture
311,-72,1124,Gesture
249,-24,1076,Gesture
194,3,1056,Gesture
182,7,1071,Gesture
201,13,1107,Gesture
207,-12,1103,Gesture
179,-74,1112,Gesture
186,-65,1185,Gesture
188,-11,1184,Gesture
177,-69,1193,Gesture
168,-54,1203,Gesture
179,-48,1221,Gesture
186,-80,1229,Gesture
185,-113,1221,Gesture
171,-111,1197,Gesture
158,-116,1194,Gesture
137,-125,1181,Gesture
138,-125,1163,Gesture
135,-119,1145,Gesture
128,-132,1122,Gesture
113,-162,1097,Gesture
107,-167,1068,Gesture
105,-164,1035,Gesture
108,-162,1001,Gesture
101,-183,953,Gesture
66,-213,936,Gesture
51,-249,942,Gesture
87,-282,954,Gesture
143,-287,995,Gesture
191,-251,1028,Gesture
222,-213,1023,Gesture
225,-206,993,Gesture
207,-195,966,Gesture
204,-186,951,Gesture
227,-165,957,Gesture
276,-158,980,Gesture
317,-134,989,Gesture
321,-113,990,Gesture
291,-102,990,Gesture
291,-95,975,Gesture
293,-101,977,Gesture
306,-119,978,Gesture
314,-123,978,Gesture
306,-120,954,Gesture
282,-128,933,Gesture
264,-146,932,Gesture
252,-147,936,Gesture
246,-146,941,Gesture
237,-146,945,Gesture
236,-140,942,Gesture
213,-122,939,Gesture
186,-111,944,Gesture
194,-104,927,Gesture
194,-110,912,Gesture
170,-108,890,Gesture
135,-119,890,Gesture
113,-110,897,Gesture
108,-96,906,Gesture
113,-89,918,Gesture
117,-66,917,Gesture
122,-35,899,Gesture
113,-15,885,Gesture
90,-9,885,Gesture
71,-18,897,Gesture
80,-5,890,Gesture
59,9,897,Gesture
56,4,908,Gesture
224,79,1043,Gesture
230,78,1043,Gesture
237,85,1043,Gesture
258,88,1037,Gesture
290,88,1041,Gesture
327,94,1028,Gesture
347,97,1002,Gesture
329,105,1001,Gesture
312,112,1002,Gesture
314,111,995,Gesture
321,99,986,Gesture
348,90,984,Gesture
398,79,998,Gesture
459,69,987,Gesture
507,94,974,Gesture
530,117,968,Gesture
557,109,986,Gesture
612,75,1011,Gesture
666,12,1023,Gesture
723,-36,1005,Gesture
756,-50,980,Gesture
765,-63,987,Gesture
777,-84,990,Gesture
807,-111,1007,Gesture
825,-153,998,Gesture
836,-165,980,Gesture
810,-116,980,Gesture
765,-63,987,Gesture
246,-81,1022,Gesture
236,-69,1047,Gesture
239,-57,1065,Gesture
221,-75,1070,Gesture
215,-108,1083,Gesture
222,-131,1100,Gesture
240,-170,1151,Gesture
278,-135,1215,Gesture
312,-54,1289,Gesture
281,-30,1295,Gesture
168,-71,1092,Gesture
239,-92,1194,Gesture
320,-116,1209,Gesture
339,-132,1167,Gesture
318,-119,1121,Gesture
302,-71,1083,Gesture
276,-39,1025,Gesture
255,7,924,Gesture
306,-66,897,Gesture
458,-182,989,Gesture
603,-231,1064,Gesture
645,-263,1071,Gesture
605,-152,1073,Gesture
587,-168,1092,Gesture
579,-185,1115,Gesture
573,-197,1113,Gesture
543,-210,1067,Gesture
510,-272,1005,Gesture
491,-282,963,Gesture
485,-236,944,Gesture
455,-189,920,Gesture
416,-173,893,Gesture
359,-185,876,Gesture
315,-209,873,Gesture
282,-242,855,Gesture
230,-251,824,Gesture
165,-224,816,Gesture
120,-194,813,Gesture
81,-165,797,Gesture
42,-197,810,Gesture
33,-264,791,Gesture
-12,-288,758,Gesture
-66,-308,773,Gesture
-91,-318,786,Gesture
-115,-317,783,Gesture
-151,-320,809,Gesture
-168,-335,834,Gesture
-174,-342,837,Gesture
-186,-347,855,Gesture
-208,-389,875,Gesture
-214,-428,876,Gesture
-235,-456,872,Gesture
-261,-444,891,Gesture
-271,-452,920,Gesture
-274,-456,941,Gesture
-268,-432,954,Gesture
-274,-414,963,Gesture
-277,-405,977,Gesture
-267,-414,974,Gesture
-259,-414,957,Gesture
-267,-411,941,Gesture
-268,-410,933,Gesture
-268,-411,926,Gesture
-255,-413,921,Gesture
-252,-392,941,Gesture
-237,-375,960,Gesture
-222,-375,983,Gesture
-195,-390,1010,Gesture
-180,-366,1007,Gesture
-192,-363,1008,Gesture
-199,-371,999,Gesture
-202,-359,1017,Gesture
-186,-330,1019,Gesture
-180,-306,1008,Gesture
-183,-312,1004,Gesture
-186,-318,1004,Gesture
-186,-315,993,Gesture
-192,-309,995,Gesture
-189,-297,1002,Gesture
-184,-279,996,Gesture
-187,-257,995,Gesture
-186,-264,989,Gesture
-186,-255,966,Gesture
-195,-239,953,Gesture
-201,-240,953,Gesture
-199,-233,951,Gesture
-195,-222,957,Gesture
-190,-213,960,Gesture
-196,-198,948,Gesture
-208,-194,942,Gesture
-223,-197,929,Gesture
-226,-203,924,Gesture
-235,-219,921,Gesture
-238,-224,917,Gesture
-252,-210,911,Gesture
-259,-222,917,Gesture
-271,-219,924,Gesture
-271,-228,948,Gesture
-268,-240,968,Gesture
-262,-243,966,Gesture
-274,-219,960,Gesture
-289,-188,957,Gesture
-303,-198,969,Gesture
-294,-218,980,Gesture
-294,-231,978,Gesture
-306,-240,989,Gesture
-307,-237,1005,Gesture
-295,-240,1020,Gesture
-291,-233,1020,Gesture
-294,-233,1014,Gesture
-307,-221,1011,Gesture
-312,-234,1005,Gesture
-304,-231,989,Gesture
-315,-212,986,Gesture
1370,-120,1002,Gesture
1244,-66,1050,Gesture
1157,12,953,Gesture
944,13,852,Gesture
714,-11,803,Gesture
461,-29,860,Gesture
324,-18,1056,Gesture
423,-17,1127,Gesture
579,-39,1091,Gesture
621,76,890,Gesture
443,249,755,Gesture
290,414,768,Gesture
327,496,783,Gesture
441,408,782,Gesture
548,309,833,Gesture
671,258,855,Gesture
734,238,854,Gesture
702,292,954,Gesture
710,361,1100,Gesture
816,391,1163,Gesture
953,393,1184,Gesture
1067,336,1133,Gesture
1154,292,1011,Gesture
1221,258,912,Gesture
1308,205,872,Gesture
1464,99,840,Gesture
1628,7,728,Gesture
1689,-41,606,Gesture
1652,-18,509,Gesture
1496,123,503,Gesture
1292,280,542,Gesture
1176,313,561,Gesture
1038,397,533,Gesture
821,465,573,Gesture
548,505,635,Gesture
225,430,741,Gesture
432,63,978,Gesture
438,69,986,Gesture
452,69,929,Gesture
471,139,902,Gesture
513,160,921,Gesture
512,190,1023,Gesture
581,133,1109,Gesture
669,90,1172,Gesture
693,63,1170,Gesture
675,52,1100,Gesture
639,18,1049,Gesture
617,-27,1041,Gesture
606,85,1077,Gesture
623,204,1058,Gesture
624,171,1112,Gesture
617,175,1040,Gesture
614,189,1040,Gesture
594,163,1010,Gesture
512,174,957,Gesture
437,199,918,Gesture
396,124,876,Gesture
365,40,816,Gesture
330,10,782,Gesture
308,36,798,Gesture
282,121,819,Gesture
195,165,818,Gesture
116,81,801,Gesture
57,-63,800,Gesture
33,-164,812,Gesture
48,-234,825,Gesture
57,-269,834,Gesture
45,-282,869,Gesture
0,-254,869,Gesture
-36,-219,864,Gesture
-51,-222,861,Gesture
-39,-251,878,Gesture
-24,-272,903,Gesture
-21,-317,935,Gesture
-12,-384,957,Gesture
-1,-438,986,Gesture
-4,-426,1002,Gesture
-12,-438,999,Gesture
-6,-464,993,Gesture
6,-453,978,Gesture
15,-396,965,Gesture
14,-350,974,Gesture
32,-350,1052,Gesture
59,-387,1085,Gesture
83,-365,1122,Gesture
96,-299,1148,Gesture
122,-356,1104,Gesture
98,-389,1055,Gesture
80,-249,1046,Gesture
90,-117,1055,Gesture
101,-59,1083,Gesture
126,-45,1097,Gesture
114,21,1037,Gesture
114,6,981,Gesture
138,-77,981,Gesture
200,-194,1023,Gesture
245,-159,1068,Gesture
276,-45,1143,Gesture
278,40,1172,Gesture
246,100,1163,Gesture
222,78,1115,Gesture
209,43,1049,Gesture
195,-12,990,Gesture
194,-80,995,Gesture
203,-111,1044,Gesture
224,-78,1061,Gesture
249,-27,1089,Gesture
233,48,1010,Gesture
257,106,954,Gesture
329,111,1026,Gesture
386,114,1067,Gesture
393,82,1140,Gesture
383,3,1143,Gesture
381,-68,1130,Gesture
444,-66,1107,Gesture
467,13,1086,Gesture
450,75,1112,Gesture
479,94,1050,Gesture
494,133,981,Gesture
513,126,963,Gesture
570,43,948,Gesture
609,24,954,Gesture
635,-3,993,Gesture
648,7,1101,Gesture
669,22,1113,Gesture
680,-5,1118,Gesture
687,6,1112,Gesture
693,43,1104,Gesture
705,28,1092,Gesture
725,-11,1073,Gesture
722,4,1031,Gesture
714,28,993,Gesture
704,36,926,Gesture
678,16,893,Gesture
653,-5,866,Gesture
635,18,869,Gesture
611,21,899,Gesture
588,-11,891,Gesture
557,18,872,Gesture
486,70,848,Gesture
386,70,821,Gesture
293,39,801,Gesture
222,4,797,Gesture
164,-12,762,Gesture
101,-39,744,Gesture
45,-75,728,Gesture
-21,-107,711,Gesture
-78,-113,683,Gesture
-160,-96,668,Gesture
-259,-99,683,Gesture
-366,-125,704,Gesture
-432,-131,719,Gesture
-459,-111,774,Gesture
-432,-86,824,Gesture
-397,-84,863,Gesture
-387,-56,896,Gesture
-396,-39,917,Gesture
-409,-33,918,Gesture
-432,-41,923,Gesture
-460,-84,912,Gesture
-498,-120,891,Gesture
-510,-152,903,Gesture
-487,-200,927,Gesture
-447,-222,969,Gesture
-417,-201,1010,Gesture
-402,-186,1052,Gesture
-385,-171,1070,Gesture
-372,-165,1085,Gesture
-357,-179,1079,Gesture
-357,-195,1079,Gesture
-357,-222,1071,Gesture
-1195,-26,836,Gesture
-1222,-6,816,Gesture
-1254,0,791,Gesture
-1281,-23,780,Gesture
-1293,-24,794,Gesture
-1305,-53,804,Gesture
-1306,-101,837,Gesture
-1269,-152,848,Gesture
-1233,-152,855,Gesture
-1185,-111,837,Gesture
-1116,-80,798,Gesture
-1083,-86,782,Gesture
-988,-144,767,Gesture
-844,-152,756,Gesture
360,99,936,Gesture
446,55,977,Gesture
477,82,1043,Gesture
500,73,1022,Gesture
482,-11,965,Gesture
512,-42,1050,Gesture
611,108,1065,Gesture
645,163,1062,Gesture
642,178,1022,Gesture
626,157,968,Gesture
573,72,948,Gesture
530,-26,914,Gesture
495,-30,962,Gesture
485,153,974,Gesture
455,246,999,Gesture
470,153,1031,Gesture
519,148,1035,Gesture
531,201,1022,Gesture
539,160,1016,Gesture
500,183,977,Gesture
419,261,969,Gesture
395,225,957,Gesture
377,252,917,Gesture
365,289,900,Gesture
363,276,876,Gesture
332,192,869,Gesture
293,106,842,Gesture
236,-9,834,Gesture
164,-71,851,Gesture
134,-87,864,Gesture
134,-89,875,Gesture
153,-126,875,Gesture
126,-171,833,Gesture
30,-233,810,Gesture
-63,-252,794,Gesture
-130,-227,791,Gesture
-123,-227,818,Gesture
-67,-279,858,Gesture
-30,-347,915,Gesture
-19,-401,956,Gesture
-24,-432,980,Gesture
-31,-452,996,Gesture
-27,-468,1022,Gesture
12,-398,1017,Gesture
8,-422,1077,Gesture
47,-464,1131,Gesture
107,-378,1176,Gesture
60,-257,1182,Gesture
-9,-195,1145,Gesture
23,-353,1146,Gesture
102,-471,1151,Gesture
102,-372,1136,Gesture
68,-207,1121,Gesture
47,-135,1079,Gesture
35,-83,1032,Gesture
5,7,983,Gesture
3,19,986,Gesture
15,3,1040,Gesture
48,48,1160,Gesture
114,43,1271,Gesture
242,-51,1224,Gesture
302,-86,1280,Gesture
387,-59,1248,Gesture
428,-29,1256,Gesture
443,-56,1218,Gesture
491,-86,1191,Gesture
521,25,1140,Gesture
531,0,1088,Gesture
557,-125,1061,Gesture
606,-153,1056,Gesture
647,-131,1047,Gesture
662,-108,1065,Gesture
662,-87,1064,Gesture
648,-78,1068,Gesture
644,-98,1073,Gesture
653,-117,1068,Gesture
680,-110,1067,Gesture
702,-90,1062,Gesture
726,-71,1050,Gesture
734,-62,1016,Gesture
716,-54,962,Gesture
677,-36,939,Gesture
626,-21,927,Gesture
591,-50,915,Gesture
557,-69,890,Gesture
501,-84,882,Gesture
434,-89,852,Gesture
347,-69,833,Gesture
276,-65,842,Gesture
210,-60,840,Gesture
155,-72,813,Gesture
81,-95,809,Gesture
9,-122,776,Gesture
-69,-126,756,Gesture
-141,-147,753,Gesture
-199,-180,752,Gesture
-240,-200,768,Gesture
-271,-209,795,Gesture
-294,-170,825,Gesture
-330,-80,863,Gesture
-373,-66,885,Gesture
-397,-89,878,Gesture
-414,-137,870,Gesture
-454,-177,833,Gesture
-486,-260,833,Gesture
-492,-293,812,Gesture
-498,-249,825,Gesture
-505,-224,866,Gesture
-508,-219,912,Gesture
-505,-212,932,Gesture
-523,-203,938,Gesture
-532,-218,945,Gesture
-532,-257,936,Gesture
-520,-275,911,Gesture
-516,-284,915,Gesture
-522,-291,918,Gesture
-534,-275,918,Gesture
-540,-267,935,Gesture
-544,-273,944,Gesture
-546,-255,947,Gesture
-547,-227,957,Gesture
-537,-222,975,Gesture
-510,-224,978,Gesture
-496,-212,990,Gesture
-480,-216,986,Gesture
-469,-213,977,Gesture
-469,-209,963,Gesture
-843,-78,300,Gesture
-654,-47,363,Gesture
-343,66,431,Gesture
17,198,498,Gesture
441,324,554,Gesture
944,360,554,Gesture
1457,313,530,Gesture
1965,396,591,Gesture
2020,396,651,Gesture
2020,294,762,Gesture
2020,108,927,Gesture
2020,15,1170,Gesture
2020,-65,1160,Gesture
1967,-125,1002,Gesture
1524,-77,1008,Gesture
1098,-39,864,Gesture
740,-120,615,Gesture
674,-152,605,Gesture
978,-39,650,Gesture
1428,12,791,Gesture
1839,15,938,Gesture
2020,46,999,Gesture
2020,-71,831,Gesture
