-40,-51,1029,Gesture
-42,-62,1020,Gesture
-33,-68,1028,Gesture
-45,-63,1029,Gesture
-48,-56,1026,Gesture
-43,-56,1037,Gesture
-46,-56,1038,Gesture
-40,-57,1035,Gesture
-36,-54,1028,Gesture
-34,-57,1035,Gesture
-36,-68,1026,Gesture
-37,-68,1022,Gesture
-45,-63,1041,Gesture
-46,-47,1029,Gesture
-45,-33,1038,Gesture
-34,-50,1032,Gesture
-34,-47,1022,Gesture
-34,-60,1025,Gesture
-34,-86,1028,Gesture
-39,-84,1037,Gesture
-52,-62,1041,Gesture
-31,-75,1034,Gesture
-33,-87,1031,Gesture
-25,-93,1020,Gesture
-19,-83,1028,Gesture
-24,-83,1025,Gesture
-28,-72,1035,Gesture
-24,-98,1035,Gesture
-28,-129,1028,Gesture
-21,-134,1032,Gesture
-18,-102,1017,Gesture
-45,-110,1049,Gesture
-40,-90,1065,Gesture
-64,-129,1091,Gesture
-52,43,1142,Gesture
-1,-470,945,Gesture
78,-501,992,Gesture
78,-522,990,Gesture
48,-459,1008,Gesture
71,-623,1064,Gesture
188,-789,1067,Gesture
185,-1521,984,Gesture
143,-578,929,Gesture
98,-798,948,Gesture
138,-914,975,Gesture
57,-729,956,Gesture
36,-606,1004,Gesture
-33,-536,1023,Gesture
-72,-417,1017,Gesture
-76,-338,1050,Gesture
-118,-248,1043,Gesture
-88,-293,1020,Gesture
-84,-272,1023,Gesture
-108,-167,1044,Gesture
-85,-159,1013,Gesture
-78,-87,1032,Gesture
-96,-71,995,Gesture
-103,-95,1038,Gesture
-150,-44,1055,Gesture
-142,-20,1079,Gesture
-126,-2,1065,Gesture
-48,-8,1055,Gesture
8,-84,1035,Gesture
45,-114,1016,Gesture
53,-173,1041,Gesture
71,-93,1032,Gesture
72,-75,1043,Gesture
113,-140,1034,Gesture
107,-54,1008,Gesture
77,-81,1043,Gesture
69,-45,1050,Gesture
60,27,1049,Gesture
47,37,1037,Gesture
87,-30,1038,Gesture
119,70,1031,Gesture
138,18,996,Gesture
92,160,1038,Gesture
66,126,1014,Gesture
42,114,1035,Gesture
27,168,1031,Gesture
45,174,1017,Gesture
26,223,1044,Gesture
42,163,1035,Gesture
-6,201,1065,Gesture
-21,277,1070,Gesture
14,186,1082,Gesture
77,132,1017,Gesture
116,147,993,Gesture
104,169,990,Gesture
98,168,1002,Gesture
75,178,1008,Gesture
72,186,1079,Gesture
71,214,1016,Gesture
47,229,1044,Gesture
26,291,1032,Gesture
18,165,1010,Gesture
-43,339,1034,Gesture
-40,327,1061,Gesture
-40,355,1107,Gesture
53,1258,1272,Gesture
-375,943,1011,Gesture
-163,880,1286,Gesture
-43,187,1173,Gesture
-15,468,1028,Gesture
120,517,1095,Gesture
164,426,1046,Gesture
213,207,1002,Gesture
129,70,986,Gesture
116,99,1010,Gesture
26,132,1049,Gesture
-7,57,1080,Gesture
-25,1,1092,Gesture
-21,-32,1080,Gesture
-15,-54,1077,Gesture
5,-72,1059,Gesture
18,-48,1016,Gesture
18,-86,1022,Gesture
18,-92,1008,Gesture
12,-108,999,Gesture
3,-110,1014,Gesture
8,-98,1004,Gesture
0,-102,1034,Gesture
5,-105,1035,Gesture
11,-108,1025,Gesture
9,-99,1019,Gesture
3,-93,1016,Gesture
0,-66,1023,Gesture
-6,-63,1032,Gesture
9,-29,1043,Gesture
18,-6,1046,Gesture
24,-24,1034,Gesture
29,0,1032,Gesture
36,0,1017,Gesture
36,-20,1019,Gesture
35,-18,1037,Gesture
26,-36,1035,Gesture
18,-38,1044,Gesture
15,-36,1040,Gesture
15,-42,1032,Gesture
11,-42,1034,Gesture
6,-29,1034,Gesture
-1,-30,1043,Gesture
-1,-35,1047,Gesture
-6,-38,1047,Gesture
-9,-35,1049,Gesture
0,-30,1049,Gesture
5,-29,1044,Gesture
8,-36,1035,Gesture
21,-36,1028,Gesture
24,-39,1025,Gesture
23,-33,1025,Gesture
33,-32,1026,Gesture
38,-14,1026,Gesture
33,-18,1023,Gesture
32,-27,1025,Gesture
24,-14,1022,Gesture
29,-11,1025,Gesture
24,-17,1025,Gesture
21,-18,1035,Gesture
21,-26,1028,Gesture
12,-29,1035,Gesture
9,-32,1026,Gesture
8,-26,1035,Gesture
-4,-38,1040,Gesture
-3,-36,1044,Gesture
-4,-32,1046,Gesture
-4,-29,1044,Gesture
2,-42,1043,Gesture
5,-41,1037,Gesture
8,-33,1035,Gesture
15,-27,1028,Gesture
15,-17,1028,Gesture
21,-30,1037,Gesture
21,-23,1031,Gesture
17,-18,1037,Gesture
11,-20,1035,Gesture
12,-15,1037,Gesture
8,-9,1031,Gesture
5,-24,1034,Gesture
-3,-23,1037,Gesture
-7,-11,1043,Gesture
-7,-23,1044,Gesture
-3,-36,1035,Gesture
3,-38,1026,Gesture
-3,-51,1028,Gesture
-1,-53,1037,Gesture
-1,-51,1035,Gesture
6,-36,1041,Gesture
5,-21,1035,Gesture
9,-12,1034,Gesture
17,-17,1023,Gesture
15,-21,1026,Gesture
11,-20,1026,Gesture
2,-14,1026,Gesture
2,-14,1034,Gesture
-3,-17,1038,Gesture
-7,-20,1046,Gesture
-3,-12,1044,Gesture
-6,-17,1040,Gesture
3,-15,1031,Gesture
2,-17,1022,Gesture
5,-30,1028,Gesture
-3,-35,1037,Gesture
-7,-23,1034,Gesture
-6,-27,1040,Gesture
-3,-30,1038,Gesture
-4,-36,1037,Gesture
-3,-39,1031,Gesture
-9,-38,1031,Gesture
-9,-33,1037,Gesture
-6,-20,1034,Gesture
0,-23,1034,Gesture
6,-15,1034,Gesture
2,-9,1025,Gesture
6,-26,1028,Gesture
3,-18,1034,Gesture
5,-21,1037,Gesture
5,-14,1040,Gesture
-9,-17,1035,Gesture
-4,-27,1037,Gesture
0,-17,1037,Gesture
-6,-12,1038,Gesture
-7,-18,1035,Gesture
-6,-32,1037,Gesture
-10,-24,1037,Gesture
-7,-27,1035,Gesture
-1,-36,1037,Gesture
3,-29,1034,Gesture
-3,-32,1034,Gesture
-1,-33,1037,Gesture
-1,-27,1038,Gesture
-1,-26,1032,Gesture
-1,-15,1037,Gesture
8,-8,1034,Gesture
2,-9,1031,Gesture
14,-18,1019,Gesture
6,-12,1023,Gesture
2,-26,1028,Gesture
0,-24,1032,Gesture
0,-26,1034,Gesture
0,-24,1038,Gesture
0,-20,1041,Gesture
-3,-18,1038,Gesture
-3,-20,1037,Gesture
-3,-17,1035,Gesture
-3,-18,1028,Gesture
3,-20,1034,Gesture
2,-29,1032,Gesture
-4,-29,1040,Gesture
-4,-21,1040,Gesture
-4,-23,1037,Gesture
2,-27,1037,Gesture
3,-17,1028,Gesture
2,-20,1028,Gesture
2,-15,1035,Gesture
-3,-21,1035,Gesture
-223,-335,1089,Gesture
-208,-381,1073,Gesture
-216,-366,1059,Gesture
-222,-350,1041,Gesture
-231,-324,1014,Gesture
-210,-305,1004,Gesture
-168,-290,993,Gesture
-133,-282,984,Gesture
-87,-282,963,Gesture
-79,-294,963,Gesture
-79,-381,1070,Gesture
-21,-495,987,Gesture
72,-695,1004,Gesture
96,-620,1035,Gesture
-12,-533,1067,Gesture
-64,-359,1032,Gesture
-88,-309,1001,Gesture
-112,-312,941,Gesture
-117,-266,933,Gesture
-64,-252,923,Gesture
-67,-198,932,Gesture
-106,-126,939,Gesture
-150,-35,956,Gesture
-99,28,959,Gesture
-42,0,1005,Gesture
-34,36,1020,Gesture
-49,21,1032,Gesture
-67,-45,1043,Gesture
-93,-93,1050,Gesture
-112,-110,1041,Gesture
-127,-87,1025,Gesture
-121,-102,1038,Gesture
-123,-117,1037,Gesture
-162,-87,1013,Gesture
-141,-62,984,Gesture
-141,-101,965,Gesture
-148,-117,944,Gesture
-138,-114,924,Gesture
-130,-162,974,Gesture
-183,-161,930,Gesture
-186,-95,959,Gesture
-174,-164,1106,Gesture
-117,-252,1134,Gesture
-141,-197,1230,Gesture
-291,-114,1145,Gesture
-328,-51,1064,Gesture
-240,-59,1019,Gesture
-211,-123,1028,Gesture
-231,-69,1041,Gesture
-229,-60,1005,Gesture
-240,-54,1041,Gesture
-181,-92,1053,Gesture
-154,-108,1016,Gesture
-177,-186,999,Gesture
-115,-206,1025,Gesture
89,-459,980,Gesture
90,-432,914,Gesture
-70,-258,933,Gesture
5,-188,1002,Gesture
-12,-234,1014,Gesture
-97,-201,1025,Gesture
-85,-171,1043,Gesture
-126,-146,1055,Gesture
-118,-92,1041,Gesture
-109,-78,1028,Gesture
-99,-101,1034,Gesture
-99,-140,1028,Gesture
-102,-141,1031,Gesture
-85,-104,1022,Gesture
-72,-134,987,Gesture
-78,-150,1019,Gesture
-87,-156,1013,Gesture
-142,-138,1019,Gesture
-36,-129,1100,Gesture
-168,-95,984,Gesture
3,-108,1079,Gesture
-105,-116,995,Gesture
-28,-126,1020,Gesture
-63,-95,1022,Gesture
-70,-111,1028,Gesture
-66,-114,1022,Gesture
-72,-131,1025,Gesture
-67,-122,1025,Gesture
-76,-125,1025,Gesture
-78,-122,1020,Gesture
-75,-102,1028,Gesture
-75,-102,1022,Gesture
-75,-105,1025,Gesture
-85,-98,1023,Gesture
-87,-110,1025,Gesture
-94,-122,1023,Gesture
-93,-123,1028,Gesture
-102,-129,1032,Gesture
-96,-108,1023,Gesture
-94,-105,1026,Gesture
-96,-107,1025,Gesture
-97,-110,1025,Gesture
-99,-108,1023,Gesture
-93,-107,1017,Gesture
-96,-128,1023,Gesture
-103,-113,1026,Gesture
-96,-120,1028,Gesture
-108,-104,1026,Gesture
-103,-114,1028,Gesture
-114,-105,1038,Gesture
-108,-105,1026,Gesture
-103,-113,1025,Gesture
-112,-116,1025,Gesture
-115,-113,1025,Gesture
-117,-105,1023,Gesture
-115,-105,1028,Gesture
-117,-108,1026,Gesture
-111,-117,1022,Gesture
-120,-117,1025,Gesture
-120,-117,1017,Gesture
-115,-120,1023,Gesture
-124,-105,1019,Gesture
-127,-101,1031,Gesture
-118,-108,1022,Gesture
-118,-110,1023,Gesture
-114,-107,1022,Gesture
-112,-123,1017,Gesture
-112,-116,1025,Gesture
-109,-105,1026,Gesture
-46,-344,1059,Gesture
-72,-708,908,Gesture
-24,-635,921,Gesture
-7,-413,1019,Gesture
-82,-515,957,Gesture
-81,-612,957,Gesture
-75,-510,1013,Gesture
-100,-555,968,Gesture
-60,-503,980,Gesture
-31,-432,977,Gesture
-6,-386,971,Gesture
-10,-386,1013,Gesture
3,-414,990,Gesture
33,-462,974,Gesture
5,-368,1001,Gesture
-15,-365,965,Gesture
-28,-333,1001,Gesture
-51,-323,992,Gesture
-54,-381,1002,Gesture
-79,-338,1031,Gesture
-93,-320,1016,Gesture
-135,-201,1043,Gesture
-145,-270,1044,Gesture
-154,-222,1065,Gesture
-87,-213,1008,Gesture
-19,-330,998,Gesture
-3,-270,1001,Gesture
-4,-204,999,Gesture
0,-176,1010,Gesture
-39,-86,1032,Gesture
-37,-102,1037,Gesture
-37,-56,1019,Gesture
30,-182,1053,Gesture
-10,-42,1034,Gesture
-13,-102,1020,Gesture
-64,-21,1049,Gesture
-94,12,1065,Gesture
-102,-9,1053,Gesture
-66,-53,1037,Gesture
-34,-44,1035,Gesture
-66,58,1025,Gesture
-81,85,1050,Gesture
-99,91,1064,Gesture
-114,90,1086,Gesture
-55,82,1040,Gesture
-7,102,1026,Gesture
-16,81,1023,Gesture
-34,114,1010,Gesture
-69,126,1035,Gesture
-79,150,1070,Gesture
-39,135,1038,Gesture
14,93,1037,Gesture
33,105,1041,Gesture
12,160,1065,Gesture
-28,208,1062,Gesture
-24,154,1070,Gesture
-6,187,1058,Gesture
21,156,1034,Gesture
36,174,1040,Gesture
74,139,1034,Gesture
59,217,1040,Gesture
63,231,1025,Gesture
62,229,1034,Gesture
-13,195,1080,Gesture
0,376,1056,Gesture
-51,300,1122,Gesture
-6,252,926,Gesture
-31,1395,870,Gesture
-325,1041,1100,Gesture
23,511,1119,Gesture
-28,271,1035,Gesture
21,406,1068,Gesture
74,271,1197,Gesture
-82,93,1085,Gesture
6,-3,1112,Gesture
-60,-45,1118,Gesture
-103,-84,1118,Gesture
-112,-90,1104,Gesture
-93,-120,1083,Gesture
-81,-135,1064,Gesture
-66,-156,1038,Gesture
-66,-143,1028,Gesture
-64,-111,1013,Gesture
-70,-96,1005,Gesture
-73,-116,1016,Gesture
-64,-129,1014,Gesture
-64,-132,1028,Gesture
-58,-144,1031,Gesture
-64,-123,1025,Gesture
-58,-149,1014,Gesture
-57,-146,1011,Gesture
-51,-138,1013,Gesture
-46,-117,1016,Gesture
-40,-98,1014,Gesture
-36,-83,1013,Gesture
-36,-77,1017,Gesture
-37,-83,1019,Gesture
-45,-101,1016,Gesture
-48,-84,1020,Gesture
-55,-86,1028,Gesture
-58,-78,1037,Gesture
-54,-72,1041,Gesture
-55,-80,1034,Gesture
-63,-75,1034,Gesture
-58,-74,1022,Gesture
-63,-89,1026,Gesture
-81,-89,1035,Gesture
-78,-96,1044,Gesture
-87,-90,1050,Gesture
-76,-105,1044,Gesture
-79,-107,1041,Gesture
-73,-95,1034,Gesture
-69,-104,1028,Gesture
-61,-105,1023,Gesture
-54,-111,1022,Gesture
-57,-105,1026,Gesture
-54,-96,1031,Gesture
-51,-90,1034,Gesture
-49,-81,1023,Gesture
-48,-78,1017,Gesture
-40,-84,1016,Gesture
-54,-92,1026,Gesture
-57,-86,1020,Gesture
-48,-87,1022,Gesture
-67,-84,1032,Gesture
-69,-89,1040,Gesture
-79,-86,1047,Gesture
-73,-92,1037,Gesture
-72,-95,1025,Gesture
-66,-107,1028,Gesture
-69,-116,1034,Gesture
-129,-218,1091,Gesture
-133,-174,1109,Gesture
-120,-225,1044,Gesture
-123,-240,1038,Gesture
-117,-213,1008,Gesture
-136,-141,1008,Gesture
-109,-111,1001,Gesture
-81,-138,1026,Gesture
-67,-176,1004,Gesture
-57,-198,978,Gesture
-85,-188,974,Gesture
-76,-173,981,Gesture
-72,-162,986,Gesture
-60,-185,1062,Gesture
-48,-242,1065,Gesture
-81,-255,1046,Gesture
-70,-282,1079,Gesture
-54,-246,1076,Gesture
-145,-255,1043,Gesture
-216,54,1016,Gesture
-102,-312,1104,Gesture
-127,-248,1056,Gesture
-154,-309,998,Gesture
-180,-227,1010,Gesture
-150,-204,998,Gesture
-154,-236,1019,Gesture
-154,-219,1017,Gesture
-154,-203,1010,Gesture
-163,-173,999,Gesture
-159,-177,989,Gesture
-154,-192,972,Gesture
-162,-219,966,Gesture
-169,-221,959,Gesture
-154,-240,990,Gesture
-106,-308,990,Gesture
-78,-296,1037,Gesture
-136,-252,1034,Gesture
-85,-179,972,Gesture
-79,-219,959,Gesture
-115,-212,951,Gesture
-126,-231,986,Gesture
-139,-174,980,Gesture
-97,-210,1014,Gesture
-69,-219,1016,Gesture
-91,-239,998,Gesture
-105,-203,989,Gesture
-112,-173,995,Gesture
-130,-146,1004,Gesture
-141,-152,1017,Gesture
-138,-156,1022,Gesture
-156,-179,1017,Gesture
-145,-204,1016,Gesture
-168,-225,1017,Gesture
-160,-207,1017,Gesture
-162,-183,1011,Gesture
-168,-177,1025,Gesture
-174,-173,1023,Gesture
-174,-161,1026,Gesture
-175,-176,1022,Gesture
-165,-174,1005,Gesture
-160,-189,1010,Gesture
-157,-194,1004,Gesture
-153,-185,1002,Gesture
-153,-182,1002,Gesture
-159,-177,996,Gesture
-154,-174,1001,Gesture
-162,-192,1005,Gesture
-156,-183,1001,Gesture
-165,-180,1011,Gesture
-171,-179,1019,Gesture
-174,-174,1016,Gesture
-175,-170,1017,Gesture
-175,-177,1016,Gesture
-178,-168,1014,Gesture
-171,-174,1005,Gesture
-168,-182,999,Gesture
-178,-192,1013,Gesture
-177,-192,1010,Gesture
-177,-179,1016,Gesture
-180,-170,1017,Gesture
-175,-179,1013,Gesture
-178,-194,1020,Gesture
-178,-194,1016,Gesture
-175,-188,1011,Gesture
-169,-173,1008,Gesture
-168,-182,1014,Gesture
-163,-173,1002,Gesture
-160,-173,1005,Gesture
-154,-174,1001,Gesture
-154,-167,1005,Gesture
-156,-170,1001,Gesture
-153,-176,1005,Gesture
-154,-182,1011,Gesture
-157,-180,1010,Gesture
-156,-179,1011,Gesture
-157,-174,1011,Gesture
-156,-174,1005,Gesture
-147,-170,993,Gesture
-151,-155,984,Gesture
-123,-174,984,Gesture
-151,-189,986,Gesture
-135,-185,998,Gesture
-168,-180,1017,Gesture
-162,-167,1025,Gesture
-177,-156,1026,Gesture
-163,-158,1023,Gesture
-162,-174,1005,Gesture
-151,-168,1002,Gesture
-147,-161,996,Gesture
-147,-176,993,Gesture
-151,-180,1001,Gesture
-156,-179,1005,Gesture
-168,-171,1005,Gesture
-183,-170,1008,Gesture
-175,-180,1017,Gesture
-183,-177,1016,Gesture
-178,-173,1022,Gesture
-177,-171,1008,Gesture
-172,-167,998,Gesture
-172,-171,996,Gesture
-201,-170,942,Gesture
-172,-186,993,Gesture
-183,-192,1008,Gesture
-181,-186,1011,Gesture
-192,-168,1014,Gesture
-193,-164,1016,Gesture
8,-86,1026,Gesture
-12,-102,1016,Gesture
17,-120,1026,Gesture
39,-206,1023,Gesture
32,-152,999,Gesture
-25,-68,999,Gesture
-16,-117,1023,Gesture
-18,21,953,Gesture
-1,-567,1032,Gesture
3,-393,1079,Gesture
-64,-543,1154,Gesture
-40,-518,1128,Gesture
-18,-501,1109,Gesture
30,-468,1073,Gesture
-102,-489,807,Gesture
158,-882,936,Gesture
360,-876,863,Gesture
66,-827,1022,Gesture
26,-519,989,Gesture
42,-516,1013,Gesture
62,-711,1047,Gesture
92,-672,1022,Gesture
50,-536,1004,Gesture
-12,-467,956,Gesture
20,-414,998,Gesture
32,-341,1002,Gesture
5,-485,993,Gesture
78,-545,1053,Gesture
105,-602,1038,Gesture
53,-564,1017,Gesture
56,-522,1010,Gesture
18,-533,999,Gesture
38,-605,1032,Gesture
5,-564,1082,Gesture
-54,-519,1094,Gesture
-54,-434,1068,Gesture
-73,-449,1043,Gesture
-54,-416,1013,Gesture
-33,-515,990,Gesture
44,-444,1022,Gesture
39,-468,1017,Gesture
41,-428,1089,Gesture
92,-458,1059,Gesture
104,-468,1041,Gesture
149,-437,1035,Gesture
137,-270,1031,Gesture
182,-224,1011,Gesture
188,43,1037,Gesture
147,286,1011,Gesture
128,517,977,Gesture
114,574,1046,Gesture
195,811,1149,Gesture
255,1003,1193,Gesture
284,1218,1209,Gesture
299,1282,1203,Gesture
252,1222,1157,Gesture
252,1155,1110,Gesture
260,1098,1026,Gesture
245,1045,1026,Gesture
551,2045,797,Gesture
-594,1975,1008,Gesture
174,1003,1038,Gesture
365,637,959,Gesture
141,870,963,Gesture
198,828,1049,Gesture
176,576,1131,Gesture
113,457,1229,Gesture
54,300,1190,Gesture
27,118,1151,Gesture
47,49,1158,Gesture
39,0,1178,Gesture
26,-56,1187,Gesture
27,-68,1155,Gesture
20,-167,1128,Gesture
32,-171,1106,Gesture
63,-200,1083,Gesture
65,-197,1002,Gesture
74,-215,975,Gesture
77,-245,936,Gesture
65,-206,920,Gesture
69,-155,924,Gesture
87,-138,948,Gesture
87,-137,963,Gesture
86,-123,968,Gesture
81,-98,986,Gesture
78,-78,1001,Gesture
75,-72,1004,Gesture
68,-65,1002,Gesture
72,-92,1002,Gesture
83,-120,1008,Gesture
84,-96,1022,Gesture
77,-74,1038,Gesture
65,-75,1046,Gesture
60,-77,1043,Gesture
50,-59,1040,Gesture
39,-44,1032,Gesture
30,-38,1038,Gesture
38,-38,1064,Gesture
44,-15,1082,Gesture
36,-2,1088,Gesture
24,-6,1080,Gesture
33,-53,1061,Gesture
44,-35,1035,Gesture
33,-42,1025,Gesture
38,-15,1035,Gesture
45,-44,1040,Gesture
51,-15,1041,Gesture
53,4,1043,Gesture
50,-29,1025,Gesture
72,-30,1017,Gesture
77,-32,996,Gesture
77,-42,992,Gesture
75,-33,993,Gesture
71,-36,1005,Gesture
59,-42,1026,Gesture
57,-42,1043,Gesture
53,-47,1046,Gesture
51,-48,1040,Gesture
51,-57,1023,Gesture
44,-66,1005,Gesture
48,-71,1014,Gesture
41,-74,1013,Gesture
36,-75,1028,Gesture
29,-78,1046,Gesture
36,-86,1053,Gesture
36,-83,1056,Gesture
36,-74,1043,Gesture
42,-77,1032,Gesture
50,-80,1023,Gesture
-60,-107,1062,Gesture
-73,-78,1025,Gesture
-96,-77,1008,Gesture
-72,-101,999,Gesture
-36,-165,989,Gesture
-21,-201,989,Gesture
-16,-233,986,Gesture
-18,-233,999,Gesture
-21,-204,1013,Gesture
-36,-164,1028,Gesture
-64,-134,1031,Gesture
-76,-125,1025,Gesture
-54,-114,1035,Gesture
-30,-120,1040,Gesture
-31,-152,1043,Gesture
-22,-189,1034,Gesture
-27,-150,1043,Gesture
-40,-93,1067,Gesture
-54,-62,1070,Gesture
-49,-48,1059,Gesture
-76,-72,1013,Gesture
-87,-69,1017,Gesture
-57,-11,1023,Gesture
-36,-17,1028,Gesture
-10,-54,1025,Gesture
33,-48,1005,Gesture
24,-54,1017,Gesture
29,-50,1025,Gesture
5,-33,1011,Gesture
-24,-20,1016,Gesture
0,-21,1020,Gesture
-15,-11,1019,Gesture
9,-15,1032,Gesture
30,-12,1025,Gesture
36,-9,1025,Gesture
18,-3,1011,Gesture
12,-2,996,Gesture
-16,10,1013,Gesture
0,25,1035,Gesture
11,19,1040,Gesture
26,-12,1067,Gesture
32,-60,1064,Gesture
36,-18,1091,Gesture
-13,-23,1094,Gesture
-19,3,1109,Gesture
-13,1,1089,Gesture
-19,-65,1058,Gesture
-10,-81,1062,Gesture
-28,-47,1047,Gesture
-31,-45,1073,Gesture
-22,-63,1089,Gesture
9,-119,1079,Gesture
24,-137,1119,Gesture
-13,-117,1119,Gesture
-33,-89,1095,Gesture
-36,-81,1103,Gesture
-78,-75,1035,Gesture
-136,-72,992,Gesture
-144,-81,963,Gesture
-129,-71,971,Gesture
-87,-93,959,Gesture
-63,-89,956,Gesture
-33,-84,975,Gesture
-10,-102,966,Gesture
2,-141,948,Gesture
-13,-138,920,Gesture
-22,-110,893,Gesture
5,-90,969,Gesture
8,-102,951,Gesture
-7,-71,1011,Gesture
-4,-35,1031,Gesture
11,9,1040,Gesture
-4,-45,1026,Gesture
23,-66,1023,Gesture
21,-59,992,Gesture
-58,-62,977,Gesture
-82,-78,962,Gesture
116,-65,987,Gesture
42,-75,1043,Gesture
14,-74,981,Gesture
24,-62,963,Gesture
5,-74,950,Gesture
57,-60,1058,Gesture
102,-146,1155,Gesture
6,-209,1149,Gesture
-79,-182,1106,Gesture
-39,-165,1124,Gesture
-69,-152,1104,Gesture
-72,-105,1062,Gesture
-118,-86,1002,Gesture
-45,-81,990,Gesture
2,-92,1044,Gesture
-15,-35,1004,Gesture
14,-69,1050,Gesture
24,-68,1001,Gesture
-12,-84,1017,Gesture
-10,-83,1038,Gesture
-31,-84,1038,Gesture
-33,-84,1044,Gesture
-34,-92,1049,Gesture
-36,-92,1040,Gesture
-28,-86,1031,Gesture
-25,-80,1022,Gesture
-19,-80,1023,Gesture
-16,-80,1017,Gesture
-25,-77,1016,Gesture
-25,-92,1020,Gesture
-37,-105,1028,Gesture
-45,-83,1035,Gesture
-49,-90,1041,Gesture
-40,-83,1035,Gesture
-42,-81,1032,Gesture
-36,-86,1023,Gesture
-31,-95,1017,Gesture
-28,-92,1020,Gesture
-39,-96,1022,Gesture
-45,-105,1037,Gesture
-48,-105,1041,Gesture
-46,-98,1034,Gesture
-54,-83,1031,Gesture
-54,-83,1038,Gesture
-52,-83,1034,Gesture
-52,-78,1032,Gesture
-52,-81,1032,Gesture
-54,-84,1041,Gesture
-64,-101,1031,Gesture
-43,-81,1037,Gesture
-66,-86,1034,Gesture
-55,-101,1031,Gesture
-60,-101,1028,Gesture
12,-449,1002,Gesture
6,-441,1035,Gesture
-30,-390,1019,Gesture
-34,-390,1034,Gesture
-85,-411,878,Gesture
-82,-473,684,Gesture
219,-860,1013,Gesture
294,-732,878,Gesture
128,-1058,902,Gesture
221,-792,917,Gesture
203,-747,881,Gesture
212,-870,849,Gesture
171,-803,896,Gesture
149,-642,941,Gesture
144,-593,984,Gesture
48,-531,1028,Gesture
50,-441,1017,Gesture
41,-503,1014,Gesture
17,-465,1043,Gesture
80,-395,990,Gesture
72,-344,1040,Gesture
48,-404,1032,Gesture
8,-290,1043,Gesture
-49,-246,1050,Gesture
-39,-312,1034,Gesture
-43,-201,1037,Gesture
-37,-170,1001,Gesture
15,-179,978,Gesture
36,-137,993,Gesture
63,-126,1037,Gesture
-6,-134,1055,Gesture
-39,-65,1050,Gesture
-10,24,1067,Gesture
41,-50,1031,Gesture
39,54,1020,Gesture
39,109,999,Gesture
-10,157,1040,Gesture
-30,166,1119,Gesture
-16,205,1058,Gesture
35,199,1032,Gesture
42,214,1064,Gesture
84,228,1025,Gesture
71,268,1010,Gesture
74,289,1046,Gesture
90,273,1059,Gesture
81,306,1017,Gesture
125,243,1020,Gesture
87,274,1008,Gesture
66,373,1025,Gesture
60,379,1038,Gesture
63,454,1058,Gesture
-27,517,1083,Gesture
68,342,1103,Gesture
50,259,1113,Gesture
42,495,1104,Gesture
69,435,1160,Gesture
45,355,1088,Gesture
45,277,1106,Gesture
83,315,1086,Gesture
50,334,1020,Gesture
59,337,1010,Gesture
68,190,845,Gesture
110,919,905,Gesture
-288,676,1131,Gesture
-7,579,1185,Gesture
-36,330,1163,Gesture
18,318,1133,Gesture
-54,387,1065,Gesture
27,276,1050,Gesture
47,138,1004,Gesture
57,87,990,Gesture
45,72,1001,Gesture
32,39,1008,Gesture
33,-29,1008,Gesture
12,-65,1034,Gesture
-1,-90,1070,Gesture
-18,-98,1100,Gesture
-27,-113,1116,Gesture
-18,-131,1107,Gesture
-24,-152,1089,Gesture
-18,-129,1068,Gesture
-16,-125,1040,Gesture
0,-140,1020,Gesture
0,-140,1010,Gesture
9,-134,1010,Gesture
12,-122,1005,Gesture
18,-126,1013,Gesture
21,-126,1014,Gesture
18,-132,1014,Gesture
14,-120,1023,Gesture
15,-119,1022,Gesture
21,-110,1014,Gesture
23,-104,1020,Gesture
15,-90,1022,Gesture
14,-89,1025,Gesture
17,-72,1025,Gesture
21,-93,1011,Gesture
21,-48,1017,Gesture
14,-90,1011,Gesture
23,-84,1014,Gesture
11,-105,1022,Gesture
8,-90,1025,Gesture
3,-93,1037,Gesture
6,-101,1050,Gesture
-13,-98,1050,Gesture
-16,-102,1065,Gesture
-7,-96,1067,Gesture
-4,-95,1056,Gesture
11,-96,1038,Gesture
9,-95,1026,Gesture
23,-93,1022,Gesture
29,-95,1022,Gesture
32,-92,1020,Gesture
24,-93,1017,Gesture
26,-96,1023,Gesture
20,-83,1022,Gesture
18,-78,1023,Gesture
14,-78,1026,Gesture
20,-81,1023,Gesture
26,-80,1014,Gesture
26,-90,1014,Gesture
27,-90,1013,Gesture
21,-86,1016,Gesture
15,-101,1019,Gesture
21,-105,1019,Gesture
-139,-81,1002,Gesture
-114,-102,998,Gesture
-105,-147,992,Gesture
-85,-185,987,Gesture
-64,-227,978,Gesture
-64,-242,954,Gesture
-84,-236,932,Gesture
-133,-236,941,Gesture
-100,-239,1017,Gesture
-114,-230,1059,Gesture
-147,-203,1083,Gesture
-151,-140,1080,Gesture
-175,-144,1098,Gesture
-124,-185,1101,Gesture
-189,-191,1034,Gesture
-196,-188,990,Gesture
-225,-171,1001,Gesture
-162,-171,1026,Gesture
-127,-219,1067,Gesture
-144,-230,1056,Gesture
-117,-281,1008,Gesture
-121,-230,1002,Gesture
-117,-200,996,Gesture
-117,-218,971,Gesture
-108,-222,942,Gesture
-102,-183,954,Gesture
-81,-216,993,Gesture
-75,-222,1001,Gesture
-78,-249,984,Gesture
-60,-233,989,Gesture
-51,-225,969,Gesture
-67,-203,978,Gesture
-88,-194,1022,Gesture
-100,-159,1038,Gesture
-115,-144,1034,Gesture
-114,-125,1035,Gesture
-118,-131,1019,Gesture
-108,-150,1005,Gesture
-105,-174,992,Gesture
-111,-191,1001,Gesture
-117,-192,1013,Gesture
-121,-171,1041,Gesture
-141,-150,1043,Gesture
-136,-141,1041,Gesture
-127,-126,1028,Gesture
-121,-132,1020,Gesture
-120,-143,1016,Gesture
-112,-141,1008,Gesture
-117,-146,998,Gesture
-117,-153,998,Gesture
-127,-146,1001,Gesture
-150,-146,1017,Gesture
-171,-132,1043,Gesture
-178,-135,1046,Gesture
-171,-146,1043,Gesture
-159,-149,1034,Gesture
-148,-152,1017,Gesture
-141,-150,1011,Gesture
-145,-152,1011,Gesture
-139,-150,1016,Gesture
-138,-125,1020,Gesture
-145,-123,1019,Gesture
-147,-140,1026,Gesture
-154,-152,1023,Gesture
-156,-159,1026,Gesture
-151,-135,1023,Gesture
-142,-131,1022,Gesture
-150,-131,1013,Gesture
-130,-149,1005,Gesture
-141,-141,1004,Gesture
-136,-146,1016,Gesture
-144,-141,1017,Gesture
-144,-144,1028,Gesture
-144,-134,1020,Gesture
-150,-144,1019,Gesture
-139,-146,1022,Gesture
-133,-135,1013,Gesture
-127,-137,1010,Gesture
-123,-138,1013,Gesture
-127,-132,1017,Gesture
-121,-125,1013,Gesture
-123,-125,1011,Gesture
-120,-131,999,Gesture
-106,-132,1016,Gesture
-121,-132,992,Gesture
-114,-135,1031,Gesture
-126,-143,1014,Gesture
-121,-137,1023,Gesture
-121,-135,1019,Gesture
-117,-128,1016,Gesture
-115,-117,1010,Gesture
-118,-128,1013,Gesture
-115,-138,1014,Gesture
-129,-143,1023,Gesture
-127,-138,1023,Gesture
-127,-131,1020,Gesture
-126,-126,1017,Gesture
-127,-134,1016,Gesture
-120,-140,1023,Gesture
-124,-138,1020,Gesture
-126,-141,1019,Gesture
-133,-143,1019,Gesture
-124,-144,1026,Gesture
-133,-132,1013,Gesture
-123,-114,1022,Gesture
-127,-123,1017,Gesture
-115,-125,1022,Gesture
-121,-126,1016,Gesture
-112,-126,1019,Gesture
-115,-141,1019,Gesture
-120,-137,1022,Gesture
-114,-123,1020,Gesture
-118,-110,1026,Gesture
-115,-119,1031,Gesture
-114,-126,1022,Gesture
-114,-126,1025,Gesture
-108,-137,1023,Gesture
-114,-134,1020,Gesture
-111,-135,1025,Gesture
-120,-128,1025,Gesture
-115,-129,1023,Gesture
-108,-120,1017,Gesture
-93,-113,1019,Gesture
-96,-113,1014,Gesture
-97,-113,1014,Gesture
-97,-123,1028,Gesture
-100,-129,1020,Gesture
-15,-62,1028,Gesture
-9,-62,1032,Gesture
-3,-72,1031,Gesture
2,-78,1028,Gesture
-10,-63,1028,Gesture
-6,-83,1041,Gesture
2,-86,1028,Gesture
-48,43,945,Gesture
36,-411,1020,Gesture
5,-63,1022,Gesture
-16,-123,1028,Gesture
26,-143,1017,Gesture
9,-209,1031,Gesture
24,-147,1010,Gesture
-1,-228,1020,Gesture
9,-177,1008,Gesture
-4,-153,1014,Gesture
-13,-164,1014,Gesture
3,-120,993,Gesture
-132,-77,864,Gesture
35,-138,1062,Gesture
-138,-434,798,Gesture
84,-552,1038,Gesture
-36,-96,1010,Gesture
-4,-336,977,Gesture
23,-360,1004,Gesture
30,-234,1023,Gesture
23,-306,1016,Gesture
23,-273,1037,Gesture
11,-162,1025,Gesture
2,-162,1011,Gesture
2,-126,1013,Gesture
3,-117,1004,Gesture
11,-128,1025,Gesture
11,-117,1023,Gesture
-1,-129,1010,Gesture
2,-96,1040,Gesture
0,-119,1035,Gesture
3,-96,1056,Gesture
0,-54,1038,Gesture
15,-68,1022,Gesture
23,-90,1047,Gesture
21,-111,1055,Gesture
32,-66,1043,Gesture
33,-51,1086,Gesture
20,-54,1017,Gesture
39,-42,1044,Gesture
95,-146,993,Gesture
72,-89,1005,Gesture
63,-3,1026,Gesture
54,-39,1043,Gesture
59,-47,1041,Gesture
36,-21,1032,Gesture
48,-54,1037,Gesture
32,-21,1016,Gesture
57,19,1019,Gesture
44,24,999,Gesture
74,-35,1037,Gesture
72,-14,1053,Gesture
62,7,1020,Gesture
45,-17,1037,Gesture
54,37,1002,Gesture
87,16,1013,Gesture
90,12,1020,Gesture
83,-23,998,Gesture
56,18,1008,Gesture
78,18,1038,Gesture
60,-9,1016,Gesture
68,-6,1055,Gesture
66,13,1038,Gesture
60,-3,1031,Gesture
87,-35,1038,Gesture
105,-26,1008,Gesture
84,-15,1008,Gesture
128,-12,989,Gesture
84,-29,990,Gesture
86,-8,1008,Gesture
78,-21,1022,Gesture
110,-69,1034,Gesture
122,-44,1017,Gesture
116,-42,1016,Gesture
111,-50,987,Gesture
101,-44,1035,Gesture
101,-20,992,Gesture
96,-6,1025,Gesture
123,-77,1034,Gesture
74,19,1037,Gesture
84,28,1050,Gesture
86,27,1040,Gesture
78,13,1026,Gesture
65,43,1031,Gesture
69,0,1037,Gesture
80,31,1031,Gesture
77,33,1026,Gesture
69,54,1041,Gesture
74,61,1035,Gesture
84,40,1013,Gesture
80,67,1034,Gesture
71,99,1062,Gesture
89,75,1037,Gesture
83,66,1037,Gesture
92,60,1041,Gesture
83,88,1037,Gesture
86,138,1011,Gesture
81,108,1041,Gesture
69,132,1032,Gesture
93,106,1035,Gesture
89,151,1013,Gesture
110,123,1019,Gesture
116,114,1028,Gesture
102,105,1013,Gesture
99,124,1023,Gesture
98,123,1022,Gesture
89,84,1023,Gesture
86,46,1022,Gesture
83,42,1023,Gesture
71,22,1026,Gesture
71,-6,1035,Gesture
80,-33,1037,Gesture
74,-57,1037,Gesture
75,-68,1035,Gesture
74,-81,1035,Gesture
74,-71,1037,Gesture
68,-57,1023,Gesture
80,-65,1023,Gesture
84,-57,1022,Gesture
75,-53,1022,Gesture
81,-48,1019,Gesture
60,-269,1065,Gesture
33,-135,1016,Gesture
69,-146,999,Gesture
72,-144,986,Gesture
81,-149,993,Gesture
66,-149,1002,Gesture
53,-120,1023,Gesture
45,-104,1047,Gesture
36,-105,1050,Gesture
36,-111,1041,Gesture
41,-120,1017,Gesture
44,-143,1010,Gesture
47,-162,1013,Gesture
39,-159,1014,Gesture
41,-141,1032,Gesture
39,-132,1035,Gesture
36,-137,1028,Gesture
32,-135,1025,Gesture
47,-132,1023,Gesture
45,-137,1019,Gesture
47,-126,1022,Gesture
63,-123,1017,Gesture
56,-113,1014,Gesture
54,-110,1011,Gesture
57,-116,1014,Gesture
59,-116,1014,Gesture
54,-134,1020,Gesture
48,-141,1034,Gesture
41,-132,1037,Gesture
51,-128,1035,Gesture
51,-125,1023,Gesture
51,-113,1020,Gesture
59,-101,1013,Gesture
57,-101,999,Gesture
57,-108,1016,Gesture
44,-120,1028,Gesture
41,-114,1031,Gesture
38,-108,1037,Gesture
47,-107,1031,Gesture
35,-104,1037,Gesture
41,-111,1032,Gesture
44,-128,1032,Gesture
50,-132,1023,Gesture
51,-135,1023,Gesture
59,-125,1023,Gesture
56,-126,1025,Gesture
56,-114,1026,Gesture
59,-113,1023,Gesture
63,-101,1026,Gesture
53,-92,1032,Gesture
56,-110,1028,Gesture
60,-117,1026,Gesture
62,-132,1025,Gesture
53,-113,1025,Gesture
53,-93,1028,Gesture
59,-107,1032,Gesture
54,-98,1031,Gesture
59,-95,1023,Gesture
68,-90,1011,Gesture
74,-105,1017,Gesture
87,-98,1008,Gesture
74,-101,1013,Gesture
80,-96,1043,Gesture
68,-89,1031,Gesture
66,-90,1053,Gesture
77,-90,1071,Gesture
90,-84,1055,Gesture
116,-75,1022,Gesture
129,-101,987,Gesture
147,-83,993,Gesture
132,-69,969,Gesture
158,-59,987,Gesture
131,-36,981,Gesture
141,-20,990,Gesture
146,-18,977,Gesture
149,-29,972,Gesture
146,-51,975,Gesture
135,-62,990,Gesture
101,-45,1049,Gesture
87,-63,1080,Gesture
86,-72,1080,Gesture
107,-117,1064,Gesture
107,-110,1058,Gesture
104,-83,1037,Gesture
125,-63,1044,Gesture
131,-51,1005,Gesture
137,-21,984,Gesture
144,-23,992,Gesture
158,-36,984,Gesture
116,-36,969,Gesture
180,-47,986,Gesture
159,-75,1016,Gesture
140,-60,1032,Gesture
134,-93,1026,Gesture
156,-213,1031,Gesture
141,-162,1056,Gesture
113,-41,1049,Gesture
123,1,1041,Gesture
81,18,986,Gesture
147,57,963,Gesture
132,88,989,Gesture
132,135,947,Gesture
123,135,962,Gesture
152,52,995,Gesture
161,-42,1026,Gesture
144,-68,1025,Gesture
120,-66,990,Gesture
170,-65,999,Gesture
84,18,993,Gesture
48,96,1056,Gesture
56,96,1086,Gesture
81,19,1058,Gesture
84,10,1028,Gesture
96,24,996,Gesture
107,19,990,Gesture
128,-12,989,Gesture
132,-51,944,Gesture
66,7,987,Gesture
32,72,1046,Gesture
32,42,1080,Gesture
38,-15,1080,Gesture
41,-35,1058,Gesture
51,-44,1038,Gesture
53,-45,1034,Gesture
48,-29,1031,Gesture
35,-5,1041,Gesture
42,0,1043,Gesture
39,12,1040,Gesture
33,9,1040,Gesture
33,6,1031,Gesture
11,-72,1053,Gesture
11,-84,1055,Gesture
12,-75,1041,Gesture
8,-72,1031,Gesture
20,-60,1026,Gesture
17,-27,1035,Gesture
35,-62,1025,Gesture
32,-71,1019,Gesture
24,-78,1028,Gesture
17,-84,1013,Gesture
44,-171,1016,Gesture
5,-131,1046,Gesture
62,-335,1032,Gesture
-21,81,1062,Gesture
-174,46,719,Gesture
114,-546,1053,Gesture
86,-272,1038,Gesture
-51,0,1019,Gesture
-37,-194,1037,Gesture
63,-179,1032,Gesture
12,-192,1026,Gesture
-3,-191,1046,Gesture
-7,-170,1026,Gesture
-3,-183,1035,Gesture
6,-170,1037,Gesture
-1,-140,1026,Gesture
0,-111,1043,Gesture
0,-108,1049,Gesture
11,-125,1028,Gesture
15,-107,1028,Gesture
18,-113,1025,Gesture
32,-117,1017,Gesture
36,-104,1019,Gesture
48,-113,1017,Gesture
54,-113,1026,Gesture
59,-90,1017,Gesture
42,-84,1019,Gesture
45,-57,1011,Gesture
36,-62,1019,Gesture
36,-53,1017,Gesture
33,-17,1046,Gesture
36,-24,1026,Gesture
39,-24,1038,Gesture
39,-14,1046,Gesture
38,-9,1023,Gesture
27,4,1011,Gesture
35,16,1034,Gesture
38,31,1016,Gesture
54,4,1041,Gesture
44,3,1049,Gesture
24,39,1043,Gesture
35,15,1044,Gesture
27,58,1037,Gesture
27,24,1026,Gesture
36,18,1034,Gesture
62,16,1017,Gesture
54,21,1020,Gesture
54,1,1023,Gesture
45,28,1028,Gesture
38,34,1028,Gesture
38,54,1031,Gesture
48,18,1028,Gesture
35,28,1023,Gesture
27,63,1041,Gesture
33,40,1050,Gesture
36,36,1058,Gesture
38,31,1044,Gesture
38,22,1023,Gesture
51,-8,1041,Gesture
36,-5,1017,Gesture
51,-8,1035,Gesture
53,13,1019,Gesture
41,45,1020,Gesture
38,25,1031,Gesture
32,36,1038,Gesture
39,21,1041,Gesture
27,43,1046,Gesture
44,33,1032,Gesture
41,15,1035,Gesture
50,-5,1025,Gesture
38,21,1037,Gesture
47,1,1031,Gesture
44,12,1026,Gesture
48,25,1031,Gesture
42,31,1023,Gesture
53,7,1020,Gesture
42,15,1011,Gesture
32,19,1031,Gesture
42,18,1053,Gesture
42,1,1040,Gesture
35,42,1037,Gesture
36,33,1038,Gesture
39,16,1031,Gesture
63,0,1046,Gesture
50,1,1019,Gesture
53,7,1022,Gesture
51,16,1034,Gesture
54,-12,1025,Gesture
54,6,1034,Gesture
62,-2,1026,Gesture
51,16,1014,Gesture
60,-8,1022,Gesture
42,15,1031,Gesture
51,-2,1026,Gesture
50,19,1055,Gesture
36,10,1034,Gesture
48,6,1034,Gesture
54,6,1026,Gesture
48,21,1020,Gesture
54,36,1022,Gesture
57,31,1019,Gesture
51,51,1025,Gesture
48,61,1025,Gesture
44,75,1028,Gesture
29,99,1014,Gesture
35,90,1022,Gesture
38,97,1022,Gesture
35,91,1028,Gesture
32,105,1038,Gesture
36,105,1041,Gesture
47,82,1043,Gesture
36,103,1040,Gesture
35,105,1022,Gesture
39,75,1028,Gesture
38,82,1032,Gesture
-61,-174,1040,Gesture
-81,-171,1025,Gesture
-105,12,1035,Gesture
-36,-165,1049,Gesture
-60,-171,1020,Gesture
-31,-173,1020,Gesture
-36,-188,1020,Gesture
-28,-191,1014,Gesture
-39,-182,1011,Gesture
-36,-174,1010,Gesture
-40,-177,1014,Gesture
-51,-183,1023,Gesture
-55,-180,1044,Gesture
-48,-170,1044,Gesture
-48,-149,1040,Gesture
-40,-132,1026,Gesture
-31,-122,1014,Gesture
-28,-134,1010,Gesture
-24,-123,1001,Gesture
-25,-147,998,Gesture
-22,-162,999,Gesture
-28,-162,1019,Gesture
-36,-153,1022,Gesture
-34,-156,1023,Gesture
-34,-144,1020,Gesture
-36,-144,1019,Gesture
-30,-105,1022,Gesture
-27,-164,1001,Gesture
-19,-156,1010,Gesture
-27,-171,998,Gesture
-34,-174,1016,Gesture
-45,-162,1028,Gesture
-48,-156,1038,Gesture
-52,-155,1035,Gesture
-51,-156,1035,Gesture
-45,-165,1023,Gesture
-37,-164,1008,Gesture
-37,-162,1005,Gesture
-39,-164,1005,Gesture
-45,-165,1013,Gesture
-54,-155,1014,Gesture
-55,-149,1032,Gesture
-58,-137,1032,Gesture
-55,-135,1035,Gesture
-54,-134,1025,Gesture
-48,-146,1019,Gesture
-46,-147,1010,Gesture
-43,-155,1011,Gesture
-48,-165,1013,Gesture
-52,-155,1017,Gesture
-52,-150,1020,Gesture
-60,-146,1019,Gesture
-60,-138,1022,Gesture
-61,-137,1022,Gesture
-57,-138,1020,Gesture
-63,-137,1016,Gesture
-58,-147,1023,Gesture
-54,-152,1022,Gesture
-58,-156,1016,Gesture
-64,-155,1022,Gesture
-67,-141,1028,Gesture
-63,-135,1028,Gesture
-58,-134,1023,Gesture
-57,-132,1025,Gesture
-58,-128,1017,Gesture
-51,-134,1022,Gesture
-52,-141,1010,Gesture
-48,-156,1005,Gesture
-49,-156,1019,Gesture
-55,-144,1025,Gesture
-57,-141,1028,Gesture
-52,-144,1025,Gesture
-54,-141,1031,Gesture
-51,-141,1020,Gesture
-60,-146,1025,Gesture
-57,-143,1026,Gesture
-60,-135,1026,Gesture
-43,-135,1017,Gesture
-34,-152,1010,Gesture
-40,-140,1008,Gesture
-39,-144,1011,Gesture
-37,-143,1011,Gesture
-45,-137,1031,Gesture
-51,-138,1034,Gesture
-45,-134,1023,Gesture
-34,-129,1023,Gesture
-31,-131,1013,Gesture
-33,-120,1011,Gesture
-30,-116,1011,Gesture
-33,-132,1019,Gesture
-31,-137,1022,Gesture
-31,-146,1002,Gesture
-30,-146,1020,Gesture
-33,-149,1019,Gesture
-43,-134,1032,Gesture
-24,-138,1083,Gesture
-36,-122,1008,Gesture
-28,-153,1019,Gesture
-39,-155,1019,Gesture
-43,-141,1014,Gesture
-36,-140,1032,Gesture
-51,-132,1016,Gesture
-40,-131,1025,Gesture
-40,-144,1019,Gesture
-34,-135,1023,Gesture
-42,-141,1023,Gesture
-30,-141,1014,Gesture
-33,-147,1022,Gesture
-46,-143,1028,Gesture
-34,-128,1025,Gesture
-34,-122,1032,Gesture
-34,-131,1019,Gesture
-31,-141,1022,Gesture
-39,-137,1017,Gesture
-40,-120,1044,Gesture
-39,-116,1022,Gesture
-34,-117,1031,Gesture
-39,-126,1034,Gesture
-6,-131,1055,Gesture
-39,-134,999,Gesture
-27,-171,1022,Gesture
-28,-138,1017,Gesture
-31,-116,1025,Gesture
-12,-140,1031,Gesture
-22,-120,1028,Gesture
-15,-110,1034,Gesture
-3,-110,1016,Gesture
12,-113,1011,Gesture
6,-102,1004,Gesture
5,-105,1008,Gesture
36,-101,1002,Gesture
-10,-195,1019,Gesture
-31,-36,1017,Gesture
-30,-39,1035,Gesture
-52,-143,924,Gesture
101,-725,1062,Gesture
96,-294,1016,Gesture
-97,-26,990,Gesture
-60,-285,992,Gesture
6,-194,1038,Gesture
-19,-182,1056,Gesture
-58,-216,1047,Gesture
-45,-185,1044,Gesture
-30,-176,1019,Gesture
-19,-140,1025,Gesture
-28,-131,1032,Gesture
0,-177,1032,Gesture
-18,-144,1023,Gesture
-19,-141,1010,Gesture
0,-123,1014,Gesture
-10,-150,1011,Gesture
-15,-107,1014,Gesture
-1,-96,1032,Gesture
6,-104,1022,Gesture
-10,-60,1028,Gesture
-10,-56,1020,Gesture
-19,-84,1037,Gesture
-33,-50,1041,Gesture
-15,-59,1049,Gesture
-24,-66,1023,Gesture
-12,-72,1031,Gesture
-28,-39,1005,Gesture
-3,-44,1026,Gesture
-15,-51,1023,Gesture
0,-60,1040,Gesture
-12,-29,1040,Gesture
-7,-75,1019,Gesture
12,-39,1026,Gesture
-6,1,1040,Gesture
-3,-15,1008,Gesture
3,-86,1016,Gesture
18,-96,1040,Gesture
2,-60,1046,Gesture
15,-84,1019,Gesture
27,-72,1031,Gesture
17,-44,1016,Gesture
20,-74,1004,Gesture
15,-8,1032,Gesture
11,-41,1010,Gesture
12,-17,1023,Gesture
17,-36,1019,Gesture
11,-38,1038,Gesture
8,-54,1040,Gesture
0,-56,1037,Gesture
3,-44,1034,Gesture
3,-36,1025,Gesture
11,-48,1040,Gesture
6,-8,1043,Gesture
18,-12,1011,Gesture
39,-62,1025,Gesture
26,-26,1034,Gesture
21,-48,1031,Gesture
15,-14,1032,Gesture
5,-23,1020,Gesture
17,-30,1026,Gesture
9,-17,1028,Gesture
27,-30,1019,Gesture
12,-26,1017,Gesture
26,-27,1017,Gesture
21,-18,1016,Gesture
15,-45,1013,Gesture
27,-62,1037,Gesture
11,-38,1035,Gesture
11,-32,1041,Gesture
15,-26,1050,Gesture
5,-24,1046,Gesture
17,-36,1040,Gesture
27,-63,1014,Gesture
23,-60,1026,Gesture
18,-56,1031,Gesture
20,-57,1028,Gesture
23,-44,1031,Gesture
18,-62,1008,Gesture
30,-51,1046,Gesture
33,-84,1020,Gesture
26,-47,1022,Gesture
29,-42,1028,Gesture
24,-42,1014,Gesture
29,-45,1032,Gesture
36,-62,1014,Gesture
18,-39,1019,Gesture
20,-54,1037,Gesture
23,-42,1040,Gesture
21,-41,1041,Gesture
14,-36,1026,Gesture
8,-33,1022,Gesture
21,-23,1041,Gesture
36,-56,1031,Gesture
27,-53,1014,Gesture
32,-50,1025,Gesture
18,-39,1038,Gesture
15,-38,1023,Gesture
24,-44,1025,Gesture
11,-38,1020,Gesture
18,-24,1043,Gesture
21,-50,1022,Gesture
23,-32,1032,Gesture
33,-50,1034,Gesture
29,-20,1034,Gesture
20,-30,1041,Gesture
17,-32,1025,Gesture
15,13,1022,Gesture
27,-29,1031,Gesture
20,7,1020,Gesture
29,-2,1028,Gesture
21,24,1023,Gesture
17,3,1020,Gesture
26,0,1038,Gesture
11,18,1034,Gesture
33,-5,1020,Gesture
33,-24,1022,Gesture
32,-23,1022,Gesture
24,-20,1031,Gesture
15,-17,1031,Gesture
11,-15,1034,Gesture
20,-21,1032,Gesture
-18,-132,1017,Gesture
-22,-138,1016,Gesture
-22,-140,1019,Gesture
-28,-134,1023,Gesture
-30,-128,1016,Gesture
-28,-128,1020,Gesture
-45,-128,1035,Gesture
-27,-110,1037,Gesture
-39,-119,1023,Gesture
3,-113,1053,Gesture
-39,-131,996,Gesture
12,-117,1046,Gesture
-31,-122,1002,Gesture
2,-129,1031,Gesture
-18,-114,1017,Gesture
-7,-108,1010,Gesture
-9,-111,1022,Gesture
-9,-131,1010,Gesture
-1,-111,1031,Gesture
-18,-108,1013,Gesture
-13,-110,1025,Gesture
-15,-98,1032,Gesture
-12,-98,1025,Gesture
-4,-116,1014,Gesture
8,-129,1013,Gesture
-1,-137,1011,Gesture
-6,-131,1017,Gesture
-4,-126,1010,Gesture
-13,-123,1034,Gesture
-31,-92,1068,Gesture
-34,-108,1079,Gesture
-28,-98,1061,Gesture
-30,-116,1028,Gesture
35,-132,1049,Gesture
14,-131,977,Gesture
62,-122,990,Gesture
35,-83,996,Gesture
26,-81,993,Gesture
51,-125,1019,Gesture
-3,-44,1032,Gesture
14,-128,1008,Gesture
27,-138,1031,Gesture
17,-114,1026,Gesture
-18,-95,1041,Gesture
-3,-95,1044,Gesture
0,-87,1034,Gesture
-9,-119,1025,Gesture
5,-119,1013,Gesture
3,-101,1017,Gesture
-4,-120,1026,Gesture
9,-101,1031,Gesture
-15,-123,1022,Gesture
24,-87,1034,Gesture
-13,-86,1017,Gesture
9,-66,1026,Gesture
12,-90,1031,Gesture
-4,-132,1023,Gesture
17,-116,1034,Gesture
-9,-114,1028,Gesture
12,-92,1014,Gesture
6,-63,1014,Gesture
5,-83,1022,Gesture
-9,-69,1031,Gesture
9,-53,1037,Gesture
6,-95,1044,Gesture
3,-90,1026,Gesture
6,-80,1022,Gesture
12,-101,1025,Gesture
15,-95,1026,Gesture
11,-75,1019,Gesture
21,-92,1017,Gesture
9,-74,1035,Gesture
15,-56,1011,Gesture
20,-62,1014,Gesture
11,-62,1016,Gesture
21,-54,1028,Gesture
12,-69,1023,Gesture
-99,-78,875,Gesture
59,-41,1004,Gesture
14,-101,1037,Gesture
29,-33,1023,Gesture
35,-53,1016,Gesture
32,-38,1019,Gesture
26,-44,1019,Gesture
30,-42,1023,Gesture
26,-45,1011,Gesture
33,-47,1013,Gesture
26,-51,1025,Gesture
30,-53,1037,Gesture
35,-93,1041,Gesture
21,-84,1031,Gesture
26,-42,1023,Gesture
41,-39,1010,Gesture
35,-33,1010,Gesture
39,-41,1010,Gesture
32,-24,1016,Gesture
24,-20,1031,Gesture
12,-32,1040,Gesture
17,-45,1034,Gesture
27,-60,1028,Gesture
18,-54,1022,Gesture
21,-54,1020,Gesture
14,-44,1031,Gesture
5,-42,1025,Gesture
5,-38,1035,Gesture
0,-41,1040,Gesture
0,-41,1035,Gesture
6,-50,1031,Gesture
5,-54,1031,Gesture
5,-50,1032,Gesture
6,-48,1023,Gesture
11,-47,1019,Gesture
6,-36,1014,Gesture
6,-42,1016,Gesture
-1,-44,1035,Gesture
-15,-50,1040,Gesture
-15,-39,1038,Gesture
-18,-41,1044,Gesture
-13,-48,1038,Gesture
-9,-59,1035,Gesture
-3,-47,1028,Gesture
-3,-41,1020,Gesture
-1,-41,1019,Gesture
-3,-41,1026,Gesture
-13,-42,1031,Gesture
-13,-50,1038,Gesture
-16,-50,1040,Gesture
-10,-50,1038,Gesture
-9,-45,1025,Gesture
-12,-50,1023,Gesture
-4,-47,1023,Gesture
-9,-56,1026,Gesture
-6,-57,1026,Gesture
-9,-48,1026,Gesture
-22,-56,1034,Gesture
-13,-51,1032,Gesture
-13,-57,1028,Gesture
-10,-60,1023,Gesture
-9,-62,1026,Gesture
-6,-62,1016,Gesture
-6,-60,1017,Gesture
-18,-35,1037,Gesture
-19,-84,1014,Gesture
-22,-33,1040,Gesture
-24,-53,1032,Gesture
-18,-50,1034,Gesture
-21,-62,1031,Gesture
-13,-47,1026,Gesture
-10,-66,1035,Gesture
-10,-66,1031,Gesture
-6,-68,1032,Gesture
-7,-69,1023,Gesture
-13,-54,1026,Gesture
-7,-60,1026,Gesture
-13,-65,1022,Gesture
-13,-47,1028,Gesture
3,-84,1043,Gesture
-18,-20,990,Gesture
17,-278,1025,Gesture
2,-134,1044,Gesture
-25,-146,1032,Gesture
-7,-135,1035,Gesture
-4,-159,1037,Gesture
-7,-122,1025,Gesture
-10,-111,1017,Gesture
5,-87,1019,Gesture
-9,-89,1008,Gesture
14,-56,1014,Gesture
-1,-47,1022,Gesture
2,-44,1002,Gesture
-12,7,1002,Gesture
56,-314,1001,Gesture
20,-78,992,Gesture
-73,-9,747,Gesture
260,-935,981,Gesture
53,-102,1098,Gesture
-154,-116,1008,Gesture
12,-155,984,Gesture
24,-294,1064,Gesture
-46,-173,1013,Gesture
-25,-231,1017,Gesture
0,-186,1016,Gesture
-18,-198,1034,Gesture
-25,-153,1010,Gesture
-37,-128,1040,Gesture
-46,-123,1041,Gesture
-55,-113,1046,Gesture
-42,-107,1043,Gesture
-40,-86,1035,Gesture
-27,-89,1035,Gesture
-3,-113,1022,Gesture
-22,-108,1004,Gesture
5,-120,1014,Gesture
0,-117,1005,Gesture
9,-147,1013,Gesture
3,-92,1026,Gesture
6,-122,1023,Gesture
8,-89,1046,Gesture
21,-89,1040,Gesture
8,-71,1019,Gesture
11,-74,1028,Gesture
18,-80,1008,Gesture
21,-75,1037,Gesture
20,-104,1025,Gesture
6,-72,998,Gesture
15,-74,1016,Gesture
24,-128,1023,Gesture
-6,-69,1050,Gesture
-3,-72,1046,Gesture
-6,-56,1031,Gesture
18,-54,1050,Gesture
6,-54,1032,Gesture
23,-56,1020,Gesture
35,-86,1017,Gesture
20,-57,1038,Gesture
18,-111,1061,Gesture
27,-87,1046,Gesture
9,-57,1017,Gesture
54,-98,1037,Gesture
20,-59,1013,Gesture
33,-84,996,Gesture
24,-51,1023,Gesture
30,-53,1013,Gesture
44,-77,1026,Gesture
36,-56,1025,Gesture
26,1,1034,Gesture
24,-20,1011,Gesture
29,-27,1028,Gesture
39,-9,1032,Gesture
42,-78,1047,Gesture
48,-24,1019,Gesture
41,3,1014,Gesture
53,-66,1016,Gesture
59,-36,1014,Gesture
51,-30,1019,Gesture
36,-26,1019,Gesture
42,1,1044,Gesture
26,-8,1038,Gesture
12,1,1035,Gesture
38,-12,1034,Gesture
48,-39,1025,Gesture
35,-20,1043,Gesture
33,6,1035,Gesture
29,-6,1055,Gesture
33,3,1038,Gesture
23,-3,1059,Gesture
27,31,1034,Gesture
21,69,1043,Gesture
5,88,1053,Gesture
33,16,1076,Gesture
45,55,1068,Gesture
48,-6,1020,Gesture
30,51,1025,Gesture
45,-23,1041,Gesture
30,39,1058,Gesture
